source,target,weight,annee,mois,commentaire
PARIS ST LAZARE,TROUVILLE DEAUVILLE,85.4,2014,5,
PARIS VAUGIRARD,GRANVILLE,94.5,2014,5,
PARIS ST LAZARE,CHERBOURG,96.8,2014,5,
PARIS ST LAZARE,LE HAVRE,84.2,2014,5,
CERBERE,PARIS AUSTERLITZ,93.2,2014,5,
GRANVILLE,PARIS VAUGIRARD,94.0,2014,5,
NANTES,BORDEAUX ST JEAN,93.7,2014,5,
CLERMONT FERRAND,BÉZIERS,95.1,2014,5,
CLERMONT FERRAND,NÎMES,90.8,2014,5,
PARIS NORD,MAUBEUGE,92.9,2014,5,
BOURGES,PARIS AUSTERLITZ,82.1,2014,9,
CHERBOURG,PARIS ST LAZARE,88.8,2014,10,
NANTES,BORDEAUX ST JEAN,84.5,2014,10,
CLERMONT FERRAND,BÉZIERS,92.6,2014,10,
NICE,BORDEAUX ST JEAN,75.6,2014,9,
LYON PART DIEU,NANTES,93.5,2014,10,
AMIENS,PARIS NORD,74.3,2014,10,
BELFORT,PARIS EST,84.7,2014,10,
TROYES,PARIS EST,91.7,2014,9,
TOULOUSE MATABIAU,HENDAYE,72.9,2014,8,
PARIS AUSTERLITZ,BOURGES,89.7,2014,8,
ORLÉANS,PARIS AUSTERLITZ,74.4,2014,7,
BORDEAUX ST JEAN,NICE,78.1,2014,8,
PARIS ST LAZARE,ROUEN,84.2,2014,7,
CLERMONT FERRAND,BÉZIERS,87.1,2014,8,
NICE,BORDEAUX ST JEAN,76.9,2014,7,
PARIS NORD,BOULOGNE,95.6,2014,8,
BÉZIERS,CLERMONT FERRAND,93.5,2014,7,
TROYES,PARIS EST,91.8,2014,7,
PARIS AUSTERLITZ,BOURGES,87.3,2014,2,
PARIS ST LAZARE,LE HAVRE,93.2,2014,3,
CLERMONT FERRAND,PARIS BERCY,86.9,2014,2,
BORDEAUX ST JEAN,LIMOGES,96.8,2014,3,
BOULOGNE,PARIS NORD,91.4,2014,2,
AMIENS,PARIS NORD,84.0,2014,3,
NANTES,LYON PART DIEU,87.5,2014,2,
PARIS EST,TROYES,90.0,2014,2,
CAEN,TOURS,89.6,2014,3,
LIMOGES,BORDEAUX ST JEAN,100.0,2014,2,
PARIS ST LAZARE,TROUVILLE DEAUVILLE,89.7,2014,4,
TOULOUSE MATABIAU,HENDAYE,94.2,2014,4,
HENDAYE,TOULOUSE MATABIAU,92.5,2014,4,
CHERBOURG,PARIS ST LAZARE,93.7,2014,4,
NANTES,BORDEAUX ST JEAN,88.4,2014,4,
ROUEN,PARIS ST LAZARE,93.7,2014,4,
NICE,BORDEAUX ST JEAN,79.4,2014,4,
LYON PART DIEU,NANTES,94.8,2014,4,
PARIS BERCY,NEVERS,87.7,2014,4,
PARIS EST,TROYES,93.3,2014,4,
TOULOUSE MATABIAU,HENDAYE,97.1,2014,5,
PARIS AUSTERLITZ,BOURGES,88.5,2014,5,
BORDEAUX ST JEAN,NANTES,76.0,2014,6,
HENDAYE,TOULOUSE MATABIAU,86.1,2014,6,
BORDEAUX ST JEAN,LIMOGES,92.3,2014,6,
CLERMONT FERRAND,NÎMES,95.0,2014,6,
LYON PART DIEU,NANTES,88.3,2014,6,
PARIS NORD,BOULOGNE,89.6,2014,5,
PARIS NORD,AMIENS,79.7,2014,6,
TOURS,CAEN,79.1,2014,6,
PARIS ST LAZARE,TROUVILLE DEAUVILLE,86.1,2014,2,
PARIS VAUGIRARD,GRANVILLE,91.9,2014,2,
BOURGES,PARIS AUSTERLITZ,84.8,2014,2,
PARIS ST LAZARE,ROUEN,90.1,2014,2,
TOURS,PARIS AUSTERLITZ,87.1,2014,1,
PARIS BERCY,CLERMONT FERRAND,94.4,2014,1,
CLERMONT FERRAND,NÎMES,92.9,2014,2,
MAUBEUGE,PARIS NORD,92.0,2014,2,
NANTES,LYON PART DIEU,88.2,2014,1,
NÎMES,CLERMONT FERRAND,100.0,2014,1,
PARIS AUSTERLITZ,CERBERE,88.5,2014,9,
PARIS ST LAZARE,LE HAVRE,92.6,2014,9,
CLERMONT FERRAND,PARIS BERCY,92.1,2014,9,
CERBERE,PARIS AUSTERLITZ,89.6,2014,9,
TOURS,PARIS AUSTERLITZ,80.2,2014,9,
PARIS BERCY,CLERMONT FERRAND,95.2,2014,9,
CHERBOURG,PARIS ST LAZARE,92.6,2014,9,
MAUBEUGE,PARIS NORD,87.4,2014,9,
PARIS EST,TROYES,93.2,2014,9,
TOURS,CAEN,91.9,2014,8,
TROUVILLE DEAUVILLE,PARIS ST LAZARE,94.9,2014,3,
PARIS ST LAZARE,ROUEN,94.5,2014,3,
BOURGES,PARIS AUSTERLITZ,83.9,2014,4,
TOURS,PARIS AUSTERLITZ,86.2,2014,3,
PARIS ST LAZARE,CAEN,90.5,2014,3,
PARIS BERCY,CLERMONT FERRAND,93.5,2014,3,
CLERMONT FERRAND,NÎMES,90.0,2014,4,
PARIS NORD,MAUBEUGE,94.0,2014,3,
PARIS EST,TROYES,89.2,2014,3,
BÉZIERS,CLERMONT FERRAND,100.0,2014,4,
PARIS AUSTERLITZ,CERBERE,84.2,2014,6,
PARIS VAUGIRARD,GRANVILLE,84.0,2014,7,
PARIS ST LAZARE,CHERBOURG,87.0,2014,6,
CLERMONT FERRAND,PARIS BERCY,89.2,2014,7,
PARIS BERCY,CLERMONT FERRAND,94.0,2014,7,
ROUEN,PARIS ST LAZARE,90.3,2014,6,
PARIS NORD,MAUBEUGE,91.5,2014,7,
NÎMES,CLERMONT FERRAND,87.1,2014,7,
PARIS BERCY,NEVERS,87.9,2014,7,
PARIS BERCY,NEVERS,85.0,2014,6,
BORDEAUX ST JEAN,NANTES,80.6,2014,11,
CAEN,TOURS,90.9,2014,1,
BORDEAUX ST JEAN,NICE,78.1,2015,9,
BORDEAUX ST JEAN,LIMOGES,96.7,2015,9,
BOULOGNE,PARIS NORD,87.3,2015,9,
CAEN,PARIS ST LAZARE,90.4,2015,9,
GRANVILLE,PARIS VAUGIRARD,94.7,2015,9,
NÎMES,CLERMONT FERRAND,96.2,2015,9,
PARIS BERCY,CLERMONT FERRAND,85.3,2015,9,
PARIS ST LAZARE,TROUVILLE DEAUVILLE,88.4,2015,9,
BORDEAUX ST JEAN,NICE,68.7,2015,10,
BOULOGNE,PARIS NORD,83.8,2015,10,
BOURGES,PARIS AUSTERLITZ,84.6,2015,10,
HENDAYE,TOULOUSE MATABIAU,91.0,2015,10,
LE HAVRE,PARIS ST LAZARE,92.4,2015,10,
PARIS AUSTERLITZ,CERBERE,89.5,2015,10,
PARIS AUSTERLITZ,ORLÉANS,79.2,2015,10,
PARIS ST LAZARE,ROUEN,94.9,2015,10,
TOULOUSE MATABIAU,HENDAYE,95.3,2015,10,
BORDEAUX ST JEAN,LIMOGES,93.8,2015,11,
PARIS AUSTERLITZ,TOURS,71.8,2015,11,
PARIS BERCY,NEVERS,86.3,2015,11,
PARIS NORD,AMIENS,80.0,2015,11,
BÉZIERS,CLERMONT FERRAND,93.5,2015,12,
BORDEAUX ST JEAN,NANTES,69.2,2015,12,
BOURGES,PARIS AUSTERLITZ,93.5,2015,12,
CERBERE,PARIS AUSTERLITZ,94.7,2015,12,
HENDAYE,TOULOUSE MATABIAU,88.7,2015,12,
NANTES,LYON PART DIEU,86.7,2015,12,
PARIS AUSTERLITZ,BOURGES,92.8,2015,12,
PARIS NORD,AMIENS,91.2,2015,12,
PARIS NORD,MAUBEUGE,92.5,2015,12,
PARIS NORD,BOULOGNE,91.0,2015,12,
PARIS ST LAZARE,CAEN,88.9,2015,12,
TROUVILLE DEAUVILLE,PARIS ST LAZARE,92.5,2015,12,
BORDEAUX ST JEAN,NICE,85.4,2016,1,
BOURGES,PARIS AUSTERLITZ,95.1,2016,1,
HENDAYE,TOULOUSE MATABIAU,89.2,2016,1,
NANTES,LYON PART DIEU,100.0,2016,1,
PARIS AUSTERLITZ,BOURGES,95.0,2016,1,
PARIS BERCY,NEVERS,85.6,2016,1,
PARIS EST,BELFORT,89.0,2016,1,
PARIS NORD,BOULOGNE,83.2,2016,1,
ROUEN,PARIS ST LAZARE,94.3,2016,1,
TOURS,PARIS AUSTERLITZ,93.6,2016,1,
TROYES,PARIS EST,96.6,2016,1,
CLERMONT FERRAND,NÎMES,96.6,2016,2,
CLERMONT FERRAND,BÉZIERS,96.4,2016,2,
PARIS BERCY,CLERMONT FERRAND,91.2,2016,2,
PARIS ST LAZARE,CAEN,92.5,2016,2,
TOULOUSE MATABIAU,HENDAYE,89.2,2016,2,
TROYES,PARIS EST,89.8,2016,2,
BOURGES,PARIS AUSTERLITZ,91.4,2016,3,
CLERMONT FERRAND,PARIS BERCY,86.5,2016,3,
CLERMONT FERRAND,BÉZIERS,98.0,2016,3,
LYON PART DIEU,NANTES,88.2,2016,3,
NANTES,BORDEAUX ST JEAN,28.4,2016,3,
PARIS EST,BELFORT,92.6,2016,3,
PARIS ST LAZARE,TROUVILLE DEAUVILLE,76.3,2016,3,
TOULOUSE MATABIAU,HENDAYE,84.0,2016,3,
BORDEAUX ST JEAN,NICE,87.4,2016,4,
BOURGES,PARIS AUSTERLITZ,82.6,2016,4,
CERBERE,PARIS AUSTERLITZ,95.7,2016,4,
HENDAYE,TOULOUSE MATABIAU,90.0,2016,4,
LYON PART DIEU,NANTES,90.7,2016,4,
NANTES,BORDEAUX ST JEAN,78.2,2016,4,
ORLÉANS,PARIS AUSTERLITZ,79.3,2016,4,
PARIS NORD,AMIENS,93.6,2016,4,
PARIS ST LAZARE,ROUEN,89.0,2016,4,
TOURS,CAEN,91.4,2016,4,
TROYES,PARIS EST,93.4,2016,4,
BELFORT,PARIS EST,77.1,2016,5,
BORDEAUX ST JEAN,NICE,77.6,2016,5,
BORDEAUX ST JEAN,NANTES,66.7,2016,5,
CHERBOURG,PARIS ST LAZARE,88.9,2016,5,
NICE,BORDEAUX ST JEAN,79.9,2016,5,
PARIS AUSTERLITZ,ORLÉANS,75.1,2016,5,
PARIS AUSTERLITZ,BOURGES,86.7,2016,5,
PARIS BERCY,CLERMONT FERRAND,74.6,2016,5,
PARIS EST,BELFORT,83.3,2016,5,
PARIS ST LAZARE,CAEN,86.6,2016,5,
PARIS ST LAZARE,CHERBOURG,80.7,2016,5,
PARIS ST LAZARE,LE HAVRE,80.4,2016,5,
TOURS,PARIS AUSTERLITZ,83.7,2016,5,
BORDEAUX ST JEAN,NICE,73.1,2016,6,
BOULOGNE,PARIS NORD,79.2,2016,6,
CAEN,TOURS,92.0,2016,6,
CERBERE,PARIS AUSTERLITZ,85.7,2016,6,
CHERBOURG,PARIS ST LAZARE,75.2,2016,6,
PARIS AUSTERLITZ,BOURGES,86.0,2016,6,
PARIS BERCY,CLERMONT FERRAND,70.1,2016,6,
PARIS VAUGIRARD,GRANVILLE,62.4,2016,6,
ROUEN,PARIS ST LAZARE,86.7,2016,6,
TOURS,PARIS AUSTERLITZ,62.2,2016,6,
TOULOUSE MATABIAU,HENDAYE,93.1,2015,3,
PARIS VAUGIRARD,GRANVILLE,93.3,2015,3,
BORDEAUX ST JEAN,NANTES,88.4,2015,4,
CERBERE,PARIS AUSTERLITZ,91.3,2015,4,
BORDEAUX ST JEAN,NICE,81.8,2015,4,
GRANVILLE,PARIS VAUGIRARD,96.4,2015,3,
GRANVILLE,PARIS VAUGIRARD,95.5,2015,4,
NANTES,LYON PART DIEU,92.3,2015,11,
NEVERS,PARIS BERCY,85.2,2015,11,
ORLÉANS,PARIS AUSTERLITZ,71.9,2015,11,
PARIS ST LAZARE,CAEN,79.9,2015,11,
ROUEN,PARIS ST LAZARE,93.5,2015,11,
TOULOUSE MATABIAU,HENDAYE,97.0,2015,11,
TROUVILLE DEAUVILLE,PARIS ST LAZARE,84.6,2015,11,
TROYES,PARIS EST,81.8,2015,11,
BELFORT,PARIS EST,91.7,2015,12,
BOULOGNE,PARIS NORD,89.2,2015,12,
LE HAVRE,PARIS ST LAZARE,93.1,2015,12,
NEVERS,PARIS BERCY,87.9,2015,12,
NÎMES,CLERMONT FERRAND,92.3,2015,12,
ORLÉANS,PARIS AUSTERLITZ,88.1,2015,12,
PARIS ST LAZARE,CHERBOURG,89.8,2015,12,
PARIS ST LAZARE,TROUVILLE DEAUVILLE,82.7,2015,12,
CERBERE,PARIS AUSTERLITZ,93.4,2016,1,
NÎMES,CLERMONT FERRAND,93.5,2016,1,
ORLÉANS,PARIS AUSTERLITZ,82.7,2016,1,
PARIS AUSTERLITZ,ORLÉANS,84.9,2016,1,
PARIS BERCY,CLERMONT FERRAND,91.7,2016,1,
PARIS ST LAZARE,ROUEN,87.5,2016,1,
BÉZIERS,CLERMONT FERRAND,93.1,2016,2,
BORDEAUX ST JEAN,NICE,82.5,2016,2,
BORDEAUX ST JEAN,LIMOGES,86.2,2016,2,
BORDEAUX ST JEAN,NANTES,67.9,2016,2,
CHERBOURG,PARIS ST LAZARE,93.9,2016,2,
GRANVILLE,PARIS VAUGIRARD,95.3,2016,2,
NANTES,BORDEAUX ST JEAN,76.4,2016,2,
ORLÉANS,PARIS AUSTERLITZ,87.4,2016,2,
PARIS EST,TROYES,88.0,2016,2,
PARIS NORD,BOULOGNE,90.1,2016,2,
PARIS ST LAZARE,ROUEN,93.2,2016,2,
PARIS VAUGIRARD,GRANVILLE,90.8,2016,2,
TOURS,CAEN,86.2,2016,2,
BORDEAUX ST JEAN,LIMOGES,88.9,2016,3,
CAEN,PARIS ST LAZARE,89.4,2016,3,
CERBERE,PARIS AUSTERLITZ,100.0,2016,3,
CHERBOURG,PARIS ST LAZARE,88.9,2016,3,
GRANVILLE,PARIS VAUGIRARD,90.8,2016,3,
HENDAYE,TOULOUSE MATABIAU,89.7,2016,3,
PARIS NORD,AMIENS,77.5,2016,3,
PARIS NORD,MAUBEUGE,86.6,2016,3,
TROUVILLE DEAUVILLE,PARIS ST LAZARE,89.2,2016,3,
TROYES,PARIS EST,95.6,2016,3,
CAEN,TOURS,80.6,2016,4,
CLERMONT FERRAND,PARIS BERCY,87.1,2016,4,
GRANVILLE,PARIS VAUGIRARD,87.6,2016,4,
LE HAVRE,PARIS ST LAZARE,90.0,2016,4,
MAUBEUGE,PARIS NORD,89.2,2016,4,
NÎMES,CLERMONT FERRAND,95.0,2016,4,
PARIS AUSTERLITZ,ORLÉANS,83.3,2016,4,
PARIS AUSTERLITZ,TOURS,76.6,2016,4,
PARIS AUSTERLITZ,BOURGES,94.6,2016,4,
PARIS NORD,MAUBEUGE,88.2,2016,4,
BOURGES,PARIS AUSTERLITZ,86.5,2016,5,
CAEN,TOURS,80.7,2016,5,
CLERMONT FERRAND,BÉZIERS,100.0,2016,5,
LE HAVRE,PARIS ST LAZARE,79.8,2016,5,
LYON PART DIEU,NANTES,85.4,2016,5,
NANTES,LYON PART DIEU,94.8,2016,5,
NÎMES,CLERMONT FERRAND,92.6,2016,5,
PARIS AUSTERLITZ,TOURS,85.5,2016,5,
PARIS EST,TROYES,77.3,2016,5,
ROUEN,PARIS ST LAZARE,93.1,2016,5,
TOURS,CAEN,87.0,2016,5,
TROUVILLE DEAUVILLE,PARIS ST LAZARE,90.3,2016,5,
TROYES,PARIS EST,80.1,2016,5,
CLERMONT FERRAND,BÉZIERS,88.9,2016,6,
LE HAVRE,PARIS ST LAZARE,70.6,2016,6,
NANTES,LYON PART DIEU,85.7,2016,6,
NANTES,BORDEAUX ST JEAN,83.3,2016,6,
NICE,BORDEAUX ST JEAN,41.9,2016,6,
PARIS EST,TROYES,77.4,2016,6,
PARIS NORD,MAUBEUGE,81.9,2016,6,
PARIS ST LAZARE,ROUEN,87.2,2016,6,
TROYES,PARIS EST,79.7,2016,6,
CAEN,PARIS ST LAZARE,90.6,2016,7,
LIMOGES,BORDEAUX ST JEAN,93.5,2016,7,
LYON PART DIEU,NANTES,86.0,2016,7,
MAUBEUGE,PARIS NORD,92.0,2016,7,
NEVERS,PARIS BERCY,89.5,2016,7,
PARIS NORD,AMIENS,92.9,2016,7,
PARIS NORD,BOULOGNE,89.4,2016,7,
PARIS ST LAZARE,CAEN,80.9,2016,7,
AMIENS,PARIS NORD,87.8,2016,8,
BELFORT,PARIS EST,77.1,2016,8,
CAEN,PARIS ST LAZARE,90.7,2016,8,
LE HAVRE,PARIS ST LAZARE,93.8,2016,8,
NANTES,LYON PART DIEU,89.2,2016,8,
NÎMES,CLERMONT FERRAND,29.4,2016,8,
PARIS AUSTERLITZ,TOURS,73.1,2016,8,
PARIS BERCY,CLERMONT FERRAND,92.5,2016,8,
TOURS,CAEN,82.0,2016,8,
BORDEAUX ST JEAN,NANTES,80.7,2016,9,
BOULOGNE,PARIS NORD,86.1,2016,9,
CAEN,TOURS,76.0,2016,9,
CLERMONT FERRAND,NÎMES,90.0,2016,9,
GRANVILLE,PARIS VAUGIRARD,87.9,2016,9,
LYON PART DIEU,NANTES,85.7,2016,9,
PARIS ST LAZARE,TROUVILLE DEAUVILLE,88.5,2014,3,
PARIS AUSTERLITZ,CERBERE,95.2,2014,3,
TOULOUSE MATABIAU,HENDAYE,96.7,2014,3,
PARIS ST LAZARE,CHERBOURG,91.7,2014,4,
BORDEAUX ST JEAN,NANTES,87.0,2014,4,
CERBERE,PARIS AUSTERLITZ,92.3,2014,4,
PARIS NORD,AMIENS,88.2,2014,4,
PARIS BERCY,NEVERS,93.3,2014,3,
CLERMONT FERRAND,BÉZIERS,100.0,2014,4,
NANTES,LYON PART DIEU,100.0,2014,3,
TROUVILLE DEAUVILLE,PARIS ST LAZARE,82.5,2014,10,
PARIS AUSTERLITZ,BOURGES,88.4,2014,10,
PARIS AUSTERLITZ,TOURS,77.3,2014,10,
PARIS ST LAZARE,CHERBOURG,82.3,2014,10,
PARIS ST LAZARE,ROUEN,82.8,2014,10,
PARIS ST LAZARE,CAEN,80.3,2014,10,
NICE,BORDEAUX ST JEAN,79.1,2014,10,
LIMOGES,BORDEAUX ST JEAN,93.5,2014,10,
PARIS EST,TROYES,79.4,2014,10,
TROUVILLE DEAUVILLE,PARIS ST LAZARE,89.2,2014,7,
PARIS ST LAZARE,TROUVILLE DEAUVILLE,86.3,2014,7,
PARIS AUSTERLITZ,ORLÉANS,68.1,2014,7,
PARIS ST LAZARE,LE HAVRE,89.4,2014,7,
HENDAYE,TOULOUSE MATABIAU,82.3,2014,7,
LE HAVRE,PARIS ST LAZARE,91.2,2014,7,
CLERMONT FERRAND,NÎMES,87.1,2014,7,
ROUEN,PARIS ST LAZARE,86.7,2014,7,
MAUBEUGE,PARIS NORD,92.1,2014,7,
LIMOGES,BORDEAUX ST JEAN,83.9,2014,7,
PARIS AUSTERLITZ,ORLÉANS,83.7,2014,2,
PARIS VAUGIRARD,GRANVILLE,93.3,2014,3,
CLERMONT FERRAND,PARIS BERCY,96.5,2014,3,
CERBERE,PARIS AUSTERLITZ,90.4,2014,3,
NANTES,BORDEAUX ST JEAN,89.1,2014,2,
LYON PART DIEU,NANTES,88.3,2014,2,
CAEN,PARIS ST LAZARE,91.5,2014,2,
PARIS BERCY,NEVERS,86.6,2014,2,
TROYES,PARIS EST,93.6,2014,2,
BÉZIERS,CLERMONT FERRAND,100.0,2014,3,
PARIS AUSTERLITZ,ORLÉANS,89.0,2014,8,
PARIS ST LAZARE,LE HAVRE,91.1,2014,8,
PARIS ST LAZARE,ROUEN,92.7,2014,8,
PARIS ST LAZARE,CAEN,91.7,2014,8,
NANTES,BORDEAUX ST JEAN,81.9,2014,8,
LYON PART DIEU,NANTES,95.1,2014,8,
MAUBEUGE,PARIS NORD,90.8,2014,8,
NÎMES,CLERMONT FERRAND,74.2,2014,8,
AMIENS,PARIS NORD,68.1,2014,9,
PARIS EST,BELFORT,97.7,2014,8,
PARIS AUSTERLITZ,BOURGES,88.1,2014,7,
CLERMONT FERRAND,PARIS BERCY,94.0,2014,8,
HENDAYE,TOULOUSE MATABIAU,80.0,2014,8,
BOURGES,PARIS AUSTERLITZ,91.1,2014,8,
BORDEAUX ST JEAN,LIMOGES,96.8,2014,8,
PARIS NORD,BOULOGNE,85.1,2014,7,
BOULOGNE,PARIS NORD,87.8,2014,8,
CAEN,PARIS ST LAZARE,91.8,2014,8,
AMIENS,PARIS NORD,85.7,2014,8,
CAEN,TOURS,76.5,2014,8,
PARIS AUSTERLITZ,ORLÉANS,84.4,2014,9,
ORLÉANS,PARIS AUSTERLITZ,82.1,2014,9,
GRANVILLE,PARIS VAUGIRARD,88.6,2014,9,
HENDAYE,TOULOUSE MATABIAU,92.2,2014,9,
LE HAVRE,PARIS ST LAZARE,88.0,2014,9,
BORDEAUX ST JEAN,LIMOGES,96.8,2014,10,
ROUEN,PARIS ST LAZARE,93.4,2014,9,
NEVERS,PARIS BERCY,97.4,2014,9,
TOURS,CAEN,90.0,2014,9,
BORDEAUX ST JEAN,LIMOGES,100.0,2014,9,
CLERMONT FERRAND,PARIS BERCY,96.5,2014,5,
BORDEAUX ST JEAN,NICE,65.2,2014,6,
BOURGES,PARIS AUSTERLITZ,89.6,2014,5,
PARIS BERCY,CLERMONT FERRAND,91.0,2014,5,
LYON PART DIEU,NANTES,87.7,2014,5,
MAUBEUGE,PARIS NORD,82.4,2014,5,
ROUEN,PARIS ST LAZARE,88.2,2014,5,
BÉZIERS,CLERMONT FERRAND,85.7,2014,5,
BÉZIERS,CLERMONT FERRAND,89.5,2014,6,
BELFORT,PARIS EST,96.8,2014,5,
PARIS AUSTERLITZ,BOURGES,95.1,2014,1,
PARIS AUSTERLITZ,TOURS,81.1,2014,1,
BORDEAUX ST JEAN,NANTES,76.6,2014,2,
BORDEAUX ST JEAN,NICE,84.4,2014,2,
PARIS ST LAZARE,ROUEN,92.8,2014,1,
CLERMONT FERRAND,NÎMES,93.5,2014,1,
PARIS NORD,BOULOGNE,91.0,2014,1,
AMIENS,PARIS NORD,82.3,2014,2,
TROYES,PARIS EST,91.5,2014,1,
CLERMONT FERRAND,BÉZIERS,100.0,2014,2,
TROUVILLE DEAUVILLE,PARIS ST LAZARE,86.2,2014,4,
PARIS AUSTERLITZ,ORLÉANS,83.0,2014,4,
PARIS AUSTERLITZ,BOURGES,91.6,2014,4,
PARIS AUSTERLITZ,TOURS,83.9,2014,4,
PARIS ST LAZARE,ROUEN,93.5,2014,4,
PARIS BERCY,CLERMONT FERRAND,91.0,2014,4,
TOURS,PARIS AUSTERLITZ,86.7,2014,4,
PARIS NORD,BOULOGNE,90.5,2014,4,
CAEN,PARIS ST LAZARE,94.2,2014,4,
TROYES,PARIS EST,93.6,2014,4,
PARIS AUSTERLITZ,ORLÉANS,76.9,2014,6,
LE HAVRE,PARIS ST LAZARE,90.4,2015,9,
MAUBEUGE,PARIS NORD,91.0,2015,9,
NEVERS,PARIS BERCY,88.7,2015,9,
NICE,BORDEAUX ST JEAN,76.1,2015,9,
PARIS AUSTERLITZ,TOURS,85.0,2015,9,
PARIS AUSTERLITZ,BOURGES,84.9,2015,9,
PARIS EST,TROYES,87.3,2015,9,
PARIS NORD,AMIENS,79.3,2015,9,
PARIS NORD,BOULOGNE,92.1,2015,9,
TROUVILLE DEAUVILLE,PARIS ST LAZARE,89.5,2015,9,
AMIENS,PARIS NORD,74.8,2015,10,
CAEN,TOURS,82.8,2015,10,
CAEN,PARIS ST LAZARE,84.1,2015,10,
CLERMONT FERRAND,NÎMES,,2015,10,
CLERMONT FERRAND,PARIS BERCY,84.1,2015,10,
CLERMONT FERRAND,BÉZIERS,96.7,2015,10,
NANTES,LYON PART DIEU,85.7,2015,10,
PARIS NORD,AMIENS,82.2,2015,10,
PARIS ST LAZARE,LE HAVRE,88.0,2015,10,
PARIS ST LAZARE,TROUVILLE DEAUVILLE,92.9,2015,10,
TOURS,CAEN,88.3,2015,10,
BOULOGNE,PARIS NORD,83.6,2015,11,
BOURGES,PARIS AUSTERLITZ,74.8,2015,11,
CAEN,PARIS ST LAZARE,87.1,2015,11,
CERBERE,PARIS AUSTERLITZ,79.6,2015,11,
CLERMONT FERRAND,NÎMES,,2015,11,
GRANVILLE,PARIS VAUGIRARD,88.8,2015,11,
HENDAYE,TOULOUSE MATABIAU,93.2,2015,11,
LE HAVRE,PARIS ST LAZARE,89.7,2015,11,
MAUBEUGE,PARIS NORD,83.6,2015,11,
NICE,BORDEAUX ST JEAN,76.8,2015,11,
NÎMES,CLERMONT FERRAND,,2015,11,
PARIS AUSTERLITZ,ORLÉANS,70.3,2015,11,
PARIS AUSTERLITZ,BOURGES,82.5,2015,11,
PARIS BERCY,CLERMONT FERRAND,89.4,2015,11,
PARIS EST,TROYES,93.3,2015,11,
PARIS NORD,MAUBEUGE,84.4,2015,11,
PARIS ST LAZARE,LE HAVRE,85.8,2015,11,
PARIS ST LAZARE,ROUEN,91.2,2015,11,
PARIS VAUGIRARD,GRANVILLE,89.9,2015,11,
BORDEAUX ST JEAN,NICE,91.5,2015,12,
CLERMONT FERRAND,PARIS BERCY,87.5,2015,12,
PARIS ST LAZARE,ROUEN,93.4,2015,12,
TOULOUSE MATABIAU,HENDAYE,99.0,2015,12,
TOURS,PARIS AUSTERLITZ,87.0,2015,12,
BELFORT,PARIS EST,96.4,2016,1,
BORDEAUX ST JEAN,LIMOGES,90.0,2016,1,
BORDEAUX ST JEAN,NANTES,66.1,2016,1,
CLERMONT FERRAND,PARIS BERCY,90.9,2016,1,
NANTES,BORDEAUX ST JEAN,62.9,2016,1,
TOULOUSE MATABIAU,HENDAYE,88.2,2016,1,
TROUVILLE DEAUVILLE,PARIS ST LAZARE,88.3,2016,1,
CLERMONT FERRAND,PARIS BERCY,87.6,2016,2,
MAUBEUGE,PARIS NORD,91.4,2016,2,
NICE,BORDEAUX ST JEAN,75.6,2016,2,
PARIS AUSTERLITZ,ORLÉANS,84.3,2016,2,
PARIS NORD,MAUBEUGE,92.2,2016,2,
PARIS ST LAZARE,LE HAVRE,91.7,2016,2,
BELFORT,PARIS EST,94.4,2016,3,
CAEN,TOURS,98.4,2016,3,
MAUBEUGE,PARIS NORD,89.2,2016,3,
NANTES,LYON PART DIEU,100.0,2016,3,
NÎMES,CLERMONT FERRAND,100.0,2016,3,
PARIS AUSTERLITZ,ORLÉANS,82.4,2016,3,
BORDEAUX ST JEAN,LIMOGES,93.8,2016,4,
BOULOGNE,PARIS NORD,81.7,2016,4,
NANTES,LYON PART DIEU,95.2,2016,4,
NICE,BORDEAUX ST JEAN,80.1,2016,4,
PARIS AUSTERLITZ,CERBERE,95.7,2016,4,
PARIS BERCY,CLERMONT FERRAND,83.8,2016,4,
PARIS BERCY,NEVERS,88.5,2016,4,
PARIS ST LAZARE,TROUVILLE DEAUVILLE,83.1,2016,4,
BÉZIERS,CLERMONT FERRAND,100.0,2016,5,
BOULOGNE,PARIS NORD,84.6,2016,5,
CERBERE,PARIS AUSTERLITZ,78.9,2016,5,
CLERMONT FERRAND,NÎMES,100.0,2016,5,
CLERMONT FERRAND,PARIS BERCY,77.9,2016,5,
GRANVILLE,PARIS VAUGIRARD,86.1,2016,5,
LIMOGES,BORDEAUX ST JEAN,87.0,2016,5,
NANTES,BORDEAUX ST JEAN,78.8,2016,5,
PARIS AUSTERLITZ,CERBERE,94.7,2016,5,
PARIS BERCY,NEVERS,79.5,2016,5,
PARIS NORD,MAUBEUGE,90.7,2016,5,
TOULOUSE MATABIAU,HENDAYE,64.8,2016,5,
AMIENS,PARIS NORD,91.9,2016,6,
CLERMONT FERRAND,PARIS BERCY,61.7,2016,6,
LYON PART DIEU,NANTES,91.3,2016,6,
MAUBEUGE,PARIS NORD,92.5,2016,6,
NEVERS,PARIS BERCY,60.0,2016,6,
ORLÉANS,PARIS AUSTERLITZ,77.6,2016,6,
PARIS AUSTERLITZ,TOURS,64.7,2016,6,
PARIS BERCY,NEVERS,48.6,2016,6,
PARIS ST LAZARE,TROUVILLE DEAUVILLE,87.8,2016,6,
TROUVILLE DEAUVILLE,PARIS ST LAZARE,76.7,2016,6,
BORDEAUX ST JEAN,NANTES,81.7,2016,7,
CERBERE,PARIS AUSTERLITZ,93.8,2016,7,
GRANVILLE,PARIS VAUGIRARD,88.5,2016,7,
NANTES,LYON PART DIEU,88.7,2016,7,
NICE,BORDEAUX ST JEAN,62.5,2016,7,
PARIS AUSTERLITZ,ORLÉANS,63.1,2016,7,
LE HAVRE,PARIS ST LAZARE,89.1,2014,11,
CLERMONT FERRAND,BÉZIERS,96.7,2014,11,
BORDEAUX ST JEAN,LIMOGES,95.0,2014,11,
LYON PART DIEU,NANTES,90.7,2014,11,
BOULOGNE,PARIS NORD,85.6,2014,11,
NANTES,LYON PART DIEU,94.7,2014,11,
TOURS,CAEN,88.7,2014,10,
NÎMES,CLERMONT FERRAND,100.0,2014,10,
PARIS VAUGIRARD,GRANVILLE,95.2,2014,1,
CERBERE,PARIS AUSTERLITZ,92.2,2014,1,
BOURGES,PARIS AUSTERLITZ,92.6,2014,1,
GRANVILLE,PARIS VAUGIRARD,93.3,2014,1,
CLERMONT FERRAND,BÉZIERS,96.8,2014,1,
ROUEN,PARIS ST LAZARE,93.2,2014,1,
BOULOGNE,PARIS NORD,88.5,2014,1,
TOURS,CAEN,98.4,2014,1,
AMIENS,PARIS NORD,86.8,2016,7,
BORDEAUX ST JEAN,NICE,70.7,2016,7,
BORDEAUX ST JEAN,LIMOGES,96.8,2016,7,
BOURGES,PARIS AUSTERLITZ,71.0,2016,7,
CLERMONT FERRAND,PARIS BERCY,84.7,2016,7,
NÎMES,CLERMONT FERRAND,58.6,2016,7,
PARIS AUSTERLITZ,CERBERE,81.0,2016,7,
PARIS ST LAZARE,TROUVILLE DEAUVILLE,77.4,2016,7,
TROUVILLE DEAUVILLE,PARIS ST LAZARE,93.4,2016,7,
BORDEAUX ST JEAN,NICE,70.1,2016,8,
BOURGES,PARIS AUSTERLITZ,70.2,2016,8,
CAEN,TOURS,81.5,2016,8,
HENDAYE,TOULOUSE MATABIAU,91.9,2016,8,
NANTES,BORDEAUX ST JEAN,74.7,2016,8,
ORLÉANS,PARIS AUSTERLITZ,72.0,2016,8,
PARIS ST LAZARE,CAEN,80.3,2016,8,
BELFORT,PARIS EST,91.4,2016,9,
LE HAVRE,PARIS ST LAZARE,94.4,2016,9,
MAUBEUGE,PARIS NORD,93.2,2016,9,
NANTES,BORDEAUX ST JEAN,74.4,2016,9,
NEVERS,PARIS BERCY,89.7,2016,9,
PARIS AUSTERLITZ,TOURS,72.6,2016,9,
PARIS BERCY,CLERMONT FERRAND,93.0,2016,9,
PARIS NORD,AMIENS,94.5,2016,9,
PARIS NORD,BOULOGNE,89.7,2016,9,
PARIS ST LAZARE,TROUVILLE DEAUVILLE,66.3,2016,9,
PARIS VAUGIRARD,GRANVILLE,91.9,2016,9,
BÉZIERS,CLERMONT FERRAND,100.0,2016,10,
CAEN,TOURS,78.9,2016,10,
CERBERE,PARIS AUSTERLITZ,98.1,2016,10,
NEVERS,PARIS BERCY,88.5,2016,10,
NÎMES,CLERMONT FERRAND,61.3,2016,10,
ORLÉANS,PARIS AUSTERLITZ,75.6,2016,10,
PARIS BERCY,CLERMONT FERRAND,92.2,2016,10,
PARIS EST,BELFORT,95.3,2016,10,
PARIS EST,TROYES,84.4,2016,10,
PARIS ST LAZARE,CAEN,80.8,2016,10,
PARIS VAUGIRARD,GRANVILLE,92.0,2016,10,
BELFORT,PARIS EST,89.4,2016,11,
BORDEAUX ST JEAN,NICE,70.2,2016,11,
BOULOGNE,PARIS NORD,85.9,2016,11,
MAUBEUGE,PARIS NORD,92.9,2016,11,
NANTES,LYON PART DIEU,88.9,2016,11,
NEVERS,PARIS BERCY,88.9,2016,11,
NICE,BORDEAUX ST JEAN,61.5,2016,11,
PARIS AUSTERLITZ,ORLÉANS,69.5,2016,11,
PARIS AUSTERLITZ,BOURGES,86.3,2016,11,
PARIS BERCY,CLERMONT FERRAND,92.6,2016,11,
PARIS ST LAZARE,CHERBOURG,84.1,2016,11,
PARIS VAUGIRARD,GRANVILLE,87.5,2016,11,
TOURS,PARIS AUSTERLITZ,63.9,2016,11,
BOULOGNE,PARIS NORD,86.7,2016,12,
CAEN,PARIS ST LAZARE,90.7,2016,12,
LE HAVRE,PARIS ST LAZARE,94.6,2016,12,
LIMOGES,BORDEAUX ST JEAN,93.3,2016,12,
NANTES,BORDEAUX ST JEAN,74.7,2016,12,
PARIS AUSTERLITZ,TOURS,73.3,2016,12,
PARIS AUSTERLITZ,BOURGES,86.9,2016,12,
PARIS NORD,MAUBEUGE,86.9,2016,12,
PARIS ST LAZARE,CAEN,80.9,2016,12,
ROUEN,PARIS ST LAZARE,95.3,2016,12,
AMIENS,PARIS NORD,89.3,2017,1,
BÉZIERS,CLERMONT FERRAND,100.0,2017,1,
BORDEAUX ST JEAN,LIMOGES,96.8,2017,1,
BOURGES,PARIS AUSTERLITZ,71.0,2017,1,
CLERMONT FERRAND,PARIS BERCY,86.3,2017,1,
CLERMONT FERRAND,BÉZIERS,96.8,2017,1,
HENDAYE,TOULOUSE MATABIAU,91.7,2017,1,
LE HAVRE,PARIS ST LAZARE,94.6,2017,1,
ORLÉANS,PARIS AUSTERLITZ,78.0,2017,1,
PARIS AUSTERLITZ,ORLÉANS,72.6,2017,1,
PARIS AUSTERLITZ,TOURS,74.2,2017,1,
PARIS EST,TROYES,83.2,2017,1,
PARIS ST LAZARE,ROUEN,91.5,2017,1,
PARIS VAUGIRARD,GRANVILLE,92.1,2017,1,
ROUEN,PARIS ST LAZARE,95.2,2017,1,
TOURS,PARIS AUSTERLITZ,66.4,2017,1,
TROUVILLE DEAUVILLE,PARIS ST LAZARE,88.5,2017,1,
BORDEAUX ST JEAN,NICE,64.8,2017,2,
BORDEAUX ST JEAN,LIMOGES,94.4,2017,2,
CERBERE,PARIS AUSTERLITZ,,2017,2,
CLERMONT FERRAND,NÎMES,88.9,2017,2,
CLERMONT FERRAND,PARIS BERCY,84.5,2017,2,
CLERMONT FERRAND,BÉZIERS,96.2,2017,2,
NICE,BORDEAUX ST JEAN,83.9,2015,3,
PARIS NORD,AMIENS,81.4,2015,3,
TROYES,PARIS EST,94.5,2015,3,
PARIS AUSTERLITZ,ORLÉANS,84.8,2015,2,
PARIS AUSTERLITZ,TOURS,81.4,2015,2,
PARIS AUSTERLITZ,BOURGES,93.8,2015,2,
BORDEAUX ST JEAN,NICE,81.5,2015,3,
PARIS ST LAZARE,CHERBOURG,81.4,2015,2,
PARIS NORD,BOULOGNE,81.8,2015,2,
PARIS EST,BELFORT,94.7,2015,2,
BELFORT,PARIS EST,94.2,2015,3,
TOURS,CAEN,91.1,2015,2,
TOULOUSE MATABIAU,HENDAYE,100.0,2015,2,
PARIS AUSTERLITZ,CERBERE,95.3,2015,8,
PARIS AUSTERLITZ,BOURGES,92.6,2015,8,
PARIS ST LAZARE,CHERBOURG,92.0,2015,8,
NANTES,BORDEAUX ST JEAN,66.2,2015,8,
CLERMONT FERRAND,BÉZIERS,96.8,2015,8,
ROUEN,PARIS ST LAZARE,94.7,2015,8,
PARIS NORD,AMIENS,91.7,2015,8,
TOURS,CAEN,95.2,2015,8,
PARIS ST LAZARE,TROUVILLE DEAUVILLE,84.6,2015,1,
PARIS AUSTERLITZ,CERBERE,95.8,2015,2,
PARIS ST LAZARE,LE HAVRE,89.8,2015,1,
BORDEAUX ST JEAN,NICE,83.1,2015,2,
BOURGES,PARIS AUSTERLITZ,86.6,2015,2,
PARIS ST LAZARE,CAEN,88.4,2015,1,
NANTES,BORDEAUX ST JEAN,82.8,2015,2,
BORDEAUX ST JEAN,LIMOGES,92.3,2015,2,
AMIENS,PARIS NORD,70.9,2015,2,
TROYES,PARIS EST,95.4,2015,1,
TROUVILLE DEAUVILLE,PARIS ST LAZARE,91.3,2015,6,
PARIS AUSTERLITZ,ORLÉANS,77.3,2015,6,
PARIS AUSTERLITZ,TOURS,77.9,2015,6,
PARIS ST LAZARE,CAEN,89.0,2015,6,
CLERMONT FERRAND,BÉZIERS,86.7,2015,7,
NICE,BORDEAUX ST JEAN,58.9,2015,7,
PARIS NORD,MAUBEUGE,92.1,2015,6,
TROYES,PARIS EST,93.2,2015,6,
CAEN,TOURS,94.0,2015,7,
CLERMONT FERRAND,NÎMES,,2015,7,
TOULOUSE MATABIAU,HENDAYE,92.4,2014,11,
PARIS AUSTERLITZ,BOURGES,90.2,2014,12,
PARIS AUSTERLITZ,TOURS,82.9,2014,11,
NANTES,BORDEAUX ST JEAN,76.8,2014,12,
NICE,BORDEAUX ST JEAN,78.5,2014,12,
MAUBEUGE,PARIS NORD,92.6,2014,12,
PARIS NORD,BOULOGNE,68.7,2014,12,
NANTES,LYON PART DIEU,86.7,2014,12,
PARIS BERCY,NEVERS,84.4,2014,11,
PARIS EST,BELFORT,87.6,2014,12,
PARIS AUSTERLITZ,BOURGES,93.5,2015,1,
PARIS AUSTERLITZ,CERBERE,90.6,2015,1,
PARIS ST LAZARE,CHERBOURG,82.1,2014,12,
PARIS VAUGIRARD,GRANVILLE,89.9,2014,12,
ORLÉANS,PARIS AUSTERLITZ,89.4,2015,1,
GRANVILLE,PARIS VAUGIRARD,93.3,2015,1,
CLERMONT FERRAND,BÉZIERS,96.8,2015,1,
BORDEAUX ST JEAN,LIMOGES,93.5,2015,1,
LYON PART DIEU,NANTES,91.7,2015,1,
BÉZIERS,CLERMONT FERRAND,100.0,2015,1,
PARIS AUSTERLITZ,ORLÉANS,83.0,2015,4,
TOULOUSE MATABIAU,HENDAYE,92.0,2015,4,
PARIS AUSTERLITZ,TOURS,84.2,2015,4,
ORLÉANS,PARIS AUSTERLITZ,88.3,2015,4,
PARIS ST LAZARE,LE HAVRE,90.7,2015,4,
TOURS,PARIS AUSTERLITZ,92.4,2015,4,
LIMOGES,BORDEAUX ST JEAN,90.0,2015,4,
NÎMES,CLERMONT FERRAND,90.6,2015,4,
AMIENS,PARIS NORD,81.2,2015,5,
PARIS AUSTERLITZ,CERBERE,,2015,4,
TROUVILLE DEAUVILLE,PARIS ST LAZARE,87.5,2015,7,
PARIS AUSTERLITZ,ORLÉANS,77.2,2015,7,
PARIS AUSTERLITZ,BOURGES,88.0,2015,7,
PARIS AUSTERLITZ,TOURS,69.5,2015,7,
BOURGES,PARIS AUSTERLITZ,85.5,2015,8,
CAEN,PARIS ST LAZARE,87.6,2015,8,
PARIS NORD,AMIENS,69.2,2015,7,
PARIS BERCY,NEVERS,85.9,2015,7,
CAEN,TOURS,91.0,2015,8,
NÎMES,CLERMONT FERRAND,100.0,2015,7,
PARIS AUSTERLITZ,CERBERE,81.8,2015,6,
ORLÉANS,PARIS AUSTERLITZ,85.0,2015,6,
LE HAVRE,PARIS ST LAZARE,94.5,2015,5,
CHERBOURG,PARIS ST LAZARE,93.2,2015,6,
CLERMONT FERRAND,BÉZIERS,96.7,2015,6,
BORDEAUX ST JEAN,LIMOGES,96.7,2015,6,
ROUEN,PARIS ST LAZARE,95.4,2015,5,
LIMOGES,BORDEAUX ST JEAN,96.7,2015,6,
NEVERS,PARIS BERCY,85.4,2015,5,
NANTES,LYON PART DIEU,100.0,2015,5,
PARIS ST LAZARE,TROUVILLE DEAUVILLE,82.2,2014,8,
PARIS AUSTERLITZ,CERBERE,92.6,2014,8,
PARIS AUSTERLITZ,TOURS,81.3,2014,8,
BORDEAUX ST JEAN,NANTES,81.9,2014,8,
PARIS VAUGIRARD,GRANVILLE,88.5,2014,8,
LE HAVRE,PARIS ST LAZARE,90.1,2014,8,
CLERMONT FERRAND,NÎMES,90.3,2014,8,
ROUEN,PARIS ST LAZARE,90.6,2014,8,
PARIS NORD,AMIENS,84.4,2014,8,
ORLÉANS,PARIS AUSTERLITZ,76.9,2016,9,
PARIS AUSTERLITZ,BOURGES,86.3,2016,9,
PARIS ST LAZARE,CAEN,80.0,2016,9,
PARIS ST LAZARE,CHERBOURG,84.5,2016,9,
PARIS ST LAZARE,ROUEN,91.0,2016,9,
TOULOUSE MATABIAU,HENDAYE,78.1,2016,9,
TROYES,PARIS EST,86.3,2016,9,
BORDEAUX ST JEAN,NICE,70.5,2016,10,
BORDEAUX ST JEAN,NANTES,80.0,2016,10,
CAEN,PARIS ST LAZARE,90.6,2016,10,
CHERBOURG,PARIS ST LAZARE,93.9,2016,10,
LIMOGES,BORDEAUX ST JEAN,92.6,2016,10,
PARIS BERCY,NEVERS,85.6,2016,10,
PARIS NORD,AMIENS,94.5,2016,10,
TOURS,PARIS AUSTERLITZ,61.6,2016,10,
BORDEAUX ST JEAN,NANTES,80.9,2016,11,
BOURGES,PARIS AUSTERLITZ,69.2,2016,11,
HENDAYE,TOULOUSE MATABIAU,,2016,11,
NÎMES,CLERMONT FERRAND,60.0,2016,11,
ORLÉANS,PARIS AUSTERLITZ,75.7,2016,11,
PARIS AUSTERLITZ,CERBERE,92.5,2016,11,
PARIS BERCY,NEVERS,85.8,2016,11,
PARIS EST,TROYES,81.7,2016,11,
PARIS ST LAZARE,TROUVILLE DEAUVILLE,63.6,2016,11,
ROUEN,PARIS ST LAZARE,94.9,2016,11,
TOURS,CAEN,81.7,2016,11,
BORDEAUX ST JEAN,LIMOGES,95.8,2016,12,
CAEN,TOURS,81.8,2016,12,
CLERMONT FERRAND,PARIS BERCY,85.7,2016,12,
CLERMONT FERRAND,BÉZIERS,96.7,2016,12,
HENDAYE,TOULOUSE MATABIAU,84.4,2016,12,
NANTES,LYON PART DIEU,89.1,2016,12,
PARIS EST,BELFORT,95.3,2016,12,
PARIS ST LAZARE,CHERBOURG,84.8,2016,12,
PARIS ST LAZARE,ROUEN,91.3,2016,12,
PARIS VAUGIRARD,GRANVILLE,91.6,2016,12,
TOULOUSE MATABIAU,HENDAYE,62.1,2016,12,
TROUVILLE DEAUVILLE,PARIS ST LAZARE,88.5,2016,12,
TROYES,PARIS EST,87.0,2016,12,
GRANVILLE,PARIS VAUGIRARD,88.4,2017,1,
NEVERS,PARIS BERCY,89.7,2017,1,
PARIS EST,BELFORT,95.5,2017,1,
PARIS ST LAZARE,CAEN,80.5,2017,1,
PARIS ST LAZARE,CHERBOURG,84.8,2017,1,
PARIS ST LAZARE,LE HAVRE,90.6,2017,1,
TOULOUSE MATABIAU,HENDAYE,79.7,2017,1,
BORDEAUX ST JEAN,NANTES,79.0,2017,2,
HENDAYE,TOULOUSE MATABIAU,86.7,2017,2,
NÎMES,CLERMONT FERRAND,55.6,2017,2,
ORLÉANS,PARIS AUSTERLITZ,75.1,2017,2,
PARIS BERCY,NEVERS,85.9,2017,2,
PARIS NORD,MAUBEUGE,85.7,2017,2,
TOURS,CAEN,80.4,2017,2,
BELFORT,PARIS EST,91.6,2017,3,
CLERMONT FERRAND,NÎMES,90.0,2017,3,
GRANVILLE,PARIS VAUGIRARD,88.2,2017,3,
LE HAVRE,PARIS ST LAZARE,94.8,2017,3,
LYON PART DIEU,NANTES,86.2,2017,3,
NEVERS,PARIS BERCY,88.8,2017,3,
PARIS NORD,MAUBEUGE,87.2,2017,3,
PARIS ST LAZARE,CAEN,81.2,2017,3,
BOULOGNE,PARIS NORD,85.4,2017,4,
CAEN,PARIS ST LAZARE,90.4,2017,4,
CLERMONT FERRAND,NÎMES,90.0,2017,4,
GRANVILLE,PARIS VAUGIRARD,88.1,2017,4,
LIMOGES,BORDEAUX ST JEAN,93.3,2017,4,
LYON PART DIEU,NANTES,85.2,2017,4,
MAUBEUGE,PARIS NORD,92.2,2017,4,
NANTES,BORDEAUX ST JEAN,74.2,2017,4,
NEVERS,PARIS BERCY,89.0,2017,4,
PARIS AUSTERLITZ,BOURGES,86.7,2017,4,
PARIS NORD,AMIENS,93.8,2017,4,
TOULOUSE MATABIAU,HENDAYE,79.0,2017,4,
BORDEAUX ST JEAN,NANTES,80.4,2017,5,
BOURGES,PARIS AUSTERLITZ,81.6,2017,5,
CLERMONT FERRAND,BÉZIERS,96.7,2017,5,
MAUBEUGE,PARIS NORD,94.1,2017,5,
NANTES,BORDEAUX ST JEAN,74.7,2017,5,
PARIS AUSTERLITZ,CERBERE,,2017,5,
PARIS BERCY,CLERMONT FERRAND,79.4,2017,5,
PARIS NORD,BOULOGNE,92.2,2017,5,
PARIS ST LAZARE,TROUVILLE DEAUVILLE,85.7,2017,5,
BORDEAUX ST JEAN,LIMOGES,86.2,2017,6,
BOULOGNE,PARIS NORD,88.5,2017,6,
CAEN,TOURS,89.2,2017,6,
CLERMONT FERRAND,BÉZIERS,96.7,2017,6,
NANTES,BORDEAUX ST JEAN,65.2,2017,6,
NÎMES,CLERMONT FERRAND,0.0,2017,6,
PARIS AUSTERLITZ,TOURS,71.8,2017,6,
PARIS BERCY,NEVERS,81.5,2017,6,
PARIS EST,TROYES,75.8,2017,6,
PARIS NORD,AMIENS,74.1,2017,6,
PARIS VAUGIRARD,GRANVILLE,92.4,2017,6,
ROUEN,PARIS ST LAZARE,90.7,2017,6,
TOURS,PARIS AUSTERLITZ,77.7,2017,6,
TROYES,PARIS EST,91.8,2017,6,
CLERMONT FERRAND,BÉZIERS,93.5,2017,7,
NANTES,LYON PART DIEU,89.4,2017,7,
NICE,BORDEAUX ST JEAN,73.1,2017,7,
PARIS BERCY,NEVERS,79.9,2017,7,
PARIS AUSTERLITZ,TOURS,69.8,2014,6,
ORLÉANS,PARIS AUSTERLITZ,82.3,2014,6,
CLERMONT FERRAND,PARIS BERCY,84.2,2014,6,
CHERBOURG,PARIS ST LAZARE,85.5,2014,6,
PARIS NORD,AMIENS,79.7,2014,7,
BOULOGNE,PARIS NORD,86.7,2014,6,
NANTES,LYON PART DIEU,76.9,2014,6,
TROYES,PARIS EST,88.0,2014,6,
CAEN,TOURS,83.7,2014,6,
HENDAYE,TOULOUSE MATABIAU,94.2,2014,11,
NANTES,BORDEAUX ST JEAN,80.9,2014,11,
NICE,BORDEAUX ST JEAN,78.3,2014,11,
MAUBEUGE,PARIS NORD,92.8,2014,11,
LIMOGES,BORDEAUX ST JEAN,83.3,2014,11,
NÎMES,CLERMONT FERRAND,96.7,2014,11,
AMIENS,PARIS NORD,76.6,2014,11,
CLERMONT FERRAND,NÎMES,100.0,2014,11,
BOURGES,PARIS AUSTERLITZ,89.2,2015,9,
CAEN,TOURS,92.2,2015,9,
CLERMONT FERRAND,NÎMES,92.3,2015,9,
LYON PART DIEU,NANTES,79.0,2015,9,
ORLÉANS,PARIS AUSTERLITZ,85.5,2015,9,
PARIS AUSTERLITZ,ORLÉANS,88.9,2015,9,
PARIS ST LAZARE,ROUEN,93.4,2015,9,
TOURS,CAEN,90.0,2015,9,
LIMOGES,BORDEAUX ST JEAN,87.1,2015,10,
NEVERS,PARIS BERCY,85.1,2015,10,
PARIS EST,TROYES,94.6,2015,10,
PARIS NORD,MAUBEUGE,88.7,2015,10,
PARIS NORD,BOULOGNE,87.2,2015,10,
PARIS ST LAZARE,CAEN,89.3,2015,10,
ROUEN,PARIS ST LAZARE,93.0,2015,10,
TOURS,PARIS AUSTERLITZ,87.9,2015,10,
BORDEAUX ST JEAN,NICE,70.6,2015,11,
CAEN,TOURS,92.1,2015,11,
NANTES,BORDEAUX ST JEAN,68.1,2015,11,
PARIS AUSTERLITZ,CERBERE,83.8,2015,11,
PARIS EST,BELFORT,86.2,2015,11,
PARIS ST LAZARE,CHERBOURG,79.8,2015,11,
PARIS ST LAZARE,TROUVILLE DEAUVILLE,74.3,2015,11,
TOURS,CAEN,89.7,2015,11,
TOURS,PARIS AUSTERLITZ,70.1,2015,11,
AMIENS,PARIS NORD,81.2,2015,12,
CAEN,TOURS,95.4,2015,12,
CAEN,PARIS ST LAZARE,91.8,2015,12,
CHERBOURG,PARIS ST LAZARE,95.3,2015,12,
CLERMONT FERRAND,NÎMES,100.0,2015,12,
GRANVILLE,PARIS VAUGIRARD,80.9,2015,12,
LIMOGES,BORDEAUX ST JEAN,100.0,2015,12,
MAUBEUGE,PARIS NORD,91.3,2015,12,
NANTES,BORDEAUX ST JEAN,66.2,2015,12,
NICE,BORDEAUX ST JEAN,90.7,2015,12,
PARIS AUSTERLITZ,CERBERE,92.2,2015,12,
PARIS BERCY,NEVERS,85.2,2015,12,
PARIS VAUGIRARD,GRANVILLE,89.1,2015,12,
TOURS,CAEN,88.9,2015,12,
BOULOGNE,PARIS NORD,81.3,2016,1,
CAEN,PARIS ST LAZARE,91.6,2016,1,
CLERMONT FERRAND,NÎMES,100.0,2016,1,
CLERMONT FERRAND,BÉZIERS,93.5,2016,1,
GRANVILLE,PARIS VAUGIRARD,92.8,2016,1,
LIMOGES,BORDEAUX ST JEAN,93.5,2016,1,
LYON PART DIEU,NANTES,97.0,2016,1,
MAUBEUGE,PARIS NORD,89.1,2016,1,
PARIS AUSTERLITZ,CERBERE,88.7,2016,1,
PARIS EST,TROYES,90.1,2016,1,
PARIS NORD,AMIENS,88.7,2016,1,
PARIS NORD,MAUBEUGE,89.5,2016,1,
PARIS ST LAZARE,TROUVILLE DEAUVILLE,81.6,2016,1,
PARIS VAUGIRARD,GRANVILLE,91.4,2016,1,
AMIENS,PARIS NORD,81.3,2016,2,
BELFORT,PARIS EST,92.5,2016,2,
BOULOGNE,PARIS NORD,89.9,2016,2,
CAEN,TOURS,90.2,2016,2,
CERBERE,PARIS AUSTERLITZ,93.6,2016,2,
LIMOGES,BORDEAUX ST JEAN,100.0,2016,2,
NANTES,LYON PART DIEU,100.0,2016,2,
PARIS AUSTERLITZ,CERBERE,95.6,2016,2,
PARIS AUSTERLITZ,TOURS,88.8,2016,2,
PARIS AUSTERLITZ,BOURGES,90.1,2016,2,
PARIS BERCY,NEVERS,91.5,2016,2,
PARIS EST,BELFORT,94.1,2016,2,
PARIS ST LAZARE,CHERBOURG,95.2,2016,2,
ROUEN,PARIS ST LAZARE,94.0,2016,2,
TROUVILLE DEAUVILLE,PARIS ST LAZARE,96.0,2016,2,
BÉZIERS,CLERMONT FERRAND,96.4,2016,3,
BORDEAUX ST JEAN,NANTES,50.0,2016,3,
CLERMONT FERRAND,NÎMES,100.0,2016,3,
ORLÉANS,PARIS AUSTERLITZ,75.4,2016,3,
PARIS AUSTERLITZ,CERBERE,91.3,2016,3,
PARIS AUSTERLITZ,TOURS,75.8,2016,3,
PARIS EST,TROYES,92.2,2016,3,
PARIS ST LAZARE,CHERBOURG,87.5,2016,3,
PARIS VAUGIRARD,GRANVILLE,92.9,2016,3,
ROUEN,PARIS ST LAZARE,92.4,2016,3,
TOURS,CAEN,91.2,2016,3,
AMIENS,PARIS NORD,87.2,2016,4,
BELFORT,PARIS EST,94.4,2016,4,
BÉZIERS,CLERMONT FERRAND,100.0,2016,4,
CHERBOURG,PARIS ST LAZARE,94.5,2016,4,
PARIS AUSTERLITZ,TOURS,73.8,2016,7,
PARIS AUSTERLITZ,BOURGES,87.1,2016,7,
PARIS NORD,MAUBEUGE,84.8,2016,7,
PARIS ST LAZARE,LE HAVRE,88.7,2016,7,
ROUEN,PARIS ST LAZARE,94.3,2016,7,
TOULOUSE MATABIAU,HENDAYE,79.5,2016,7,
CERBERE,PARIS AUSTERLITZ,92.3,2016,8,
CLERMONT FERRAND,PARIS BERCY,85.0,2016,8,
MAUBEUGE,PARIS NORD,92.3,2016,8,
PARIS AUSTERLITZ,ORLÉANS,66.0,2016,8,
PARIS BERCY,NEVERS,87.7,2016,8,
PARIS EST,BELFORT,91.0,2016,8,
PARIS EST,TROYES,83.5,2016,8,
PARIS NORD,MAUBEUGE,85.4,2016,8,
PARIS ST LAZARE,ROUEN,89.9,2016,8,
BORDEAUX ST JEAN,NICE,68.4,2016,9,
BOURGES,PARIS AUSTERLITZ,68.4,2016,9,
CLERMONT FERRAND,BÉZIERS,96.4,2016,9,
NANTES,LYON PART DIEU,89.2,2016,9,
NICE,BORDEAUX ST JEAN,58.2,2016,9,
PARIS BERCY,NEVERS,87.8,2016,9,
PARIS ST LAZARE,LE HAVRE,90.2,2016,9,
TOURS,PARIS AUSTERLITZ,65.6,2016,9,
BORDEAUX ST JEAN,LIMOGES,96.4,2016,10,
CLERMONT FERRAND,BÉZIERS,96.8,2016,10,
PARIS AUSTERLITZ,TOURS,71.4,2016,10,
PARIS NORD,MAUBEUGE,87.0,2016,10,
PARIS NORD,BOULOGNE,89.9,2016,10,
PARIS ST LAZARE,TROUVILLE DEAUVILLE,64.1,2016,10,
BÉZIERS,CLERMONT FERRAND,100.0,2016,11,
CAEN,TOURS,81.3,2016,11,
CAEN,PARIS ST LAZARE,90.4,2016,11,
CLERMONT FERRAND,PARIS BERCY,85.4,2016,11,
CLERMONT FERRAND,BÉZIERS,96.7,2016,11,
LE HAVRE,PARIS ST LAZARE,94.2,2016,11,
PARIS EST,BELFORT,94.4,2016,11,
PARIS NORD,MAUBEUGE,85.9,2016,11,
PARIS ST LAZARE,CAEN,80.3,2016,11,
PARIS ST LAZARE,ROUEN,91.2,2016,11,
BÉZIERS,CLERMONT FERRAND,100.0,2016,12,
BORDEAUX ST JEAN,NICE,71.0,2016,12,
CERBERE,PARIS AUSTERLITZ,97.2,2016,12,
CHERBOURG,PARIS ST LAZARE,94.0,2016,12,
CLERMONT FERRAND,NÎMES,90.3,2016,12,
PARIS AUSTERLITZ,ORLÉANS,71.7,2016,12,
PARIS NORD,BOULOGNE,90.1,2016,12,
PARIS ST LAZARE,LE HAVRE,90.8,2016,12,
CAEN,PARIS ST LAZARE,90.6,2017,1,
CERBERE,PARIS AUSTERLITZ,96.8,2017,1,
CLERMONT FERRAND,NÎMES,90.3,2017,1,
MAUBEUGE,PARIS NORD,93.2,2017,1,
NÎMES,CLERMONT FERRAND,61.3,2017,1,
PARIS AUSTERLITZ,CERBERE,85.2,2017,1,
PARIS BERCY,CLERMONT FERRAND,93.2,2017,1,
PARIS NORD,AMIENS,94.4,2017,1,
PARIS ST LAZARE,TROUVILLE DEAUVILLE,64.6,2017,1,
BELFORT,PARIS EST,90.7,2017,2,
BOULOGNE,PARIS NORD,85.3,2017,2,
BOURGES,PARIS AUSTERLITZ,67.6,2017,2,
LIMOGES,BORDEAUX ST JEAN,92.9,2017,2,
PARIS AUSTERLITZ,CERBERE,,2017,2,
PARIS AUSTERLITZ,ORLÉANS,68.8,2017,2,
PARIS EST,BELFORT,94.9,2017,2,
TROYES,PARIS EST,83.6,2017,2,
CAEN,PARIS ST LAZARE,90.7,2017,3,
CERBERE,PARIS AUSTERLITZ,96.4,2017,3,
CHERBOURG,PARIS ST LAZARE,94.0,2017,3,
CLERMONT FERRAND,PARIS BERCY,84.9,2017,3,
PARIS AUSTERLITZ,CERBERE,85.7,2017,3,
PARIS BERCY,CLERMONT FERRAND,92.6,2017,3,
PARIS EST,BELFORT,95.5,2017,3,
PARIS EST,TROYES,83.3,2017,3,
PARIS ST LAZARE,CHERBOURG,85.0,2017,3,
PARIS ST LAZARE,ROUEN,91.5,2017,3,
BELFORT,PARIS EST,90.9,2017,4,
BÉZIERS,CLERMONT FERRAND,100.0,2017,4,
CLERMONT FERRAND,PARIS BERCY,85.7,2017,4,
HENDAYE,TOULOUSE MATABIAU,91.5,2017,4,
ORLÉANS,PARIS AUSTERLITZ,76.3,2017,4,
PARIS BERCY,CLERMONT FERRAND,92.8,2017,4,
PARIS EST,TROYES,82.2,2017,4,
PARIS NORD,BOULOGNE,88.9,2017,4,
AMIENS,PARIS NORD,91.3,2017,5,
BÉZIERS,CLERMONT FERRAND,100.0,2017,5,
BOULOGNE,PARIS NORD,86.7,2017,5,
CAEN,TOURS,86.8,2017,5,
CERBERE,PARIS AUSTERLITZ,,2017,5,
LIMOGES,BORDEAUX ST JEAN,86.7,2017,5,
LYON PART DIEU,NANTES,88.2,2017,5,
PARIS AUSTERLITZ,ORLÉANS,70.7,2017,5,
PARIS BERCY,NEVERS,83.9,2017,5,
PARIS EST,TROYES,81.0,2017,5,
PARIS NORD,MAUBEUGE,90.7,2017,5,
PARIS VAUGIRARD,GRANVILLE,93.6,2017,5,
CERBERE,PARIS AUSTERLITZ,0.0,2017,6,
HENDAYE,TOULOUSE MATABIAU,88.2,2017,6,
LYON PART DIEU,NANTES,90.2,2017,6,
ORLÉANS,PARIS AUSTERLITZ,75.9,2017,6,
PARIS ST LAZARE,LE HAVRE,77.5,2017,6,
TOULOUSE MATABIAU,HENDAYE,76.8,2017,6,
GRANVILLE,PARIS VAUGIRARD,87.1,2017,2,
LE HAVRE,PARIS ST LAZARE,94.1,2017,2,
MAUBEUGE,PARIS NORD,92.5,2017,2,
NANTES,LYON PART DIEU,88.3,2017,2,
NEVERS,PARIS BERCY,88.1,2017,2,
NICE,BORDEAUX ST JEAN,58.7,2017,2,
PARIS AUSTERLITZ,BOURGES,85.6,2017,2,
PARIS EST,TROYES,82.1,2017,2,
PARIS NORD,BOULOGNE,89.0,2017,2,
PARIS ST LAZARE,CAEN,78.5,2017,2,
PARIS ST LAZARE,CHERBOURG,83.0,2017,2,
PARIS ST LAZARE,LE HAVRE,89.8,2017,2,
PARIS ST LAZARE,ROUEN,90.4,2017,2,
TROUVILLE DEAUVILLE,PARIS ST LAZARE,87.5,2017,2,
BOURGES,PARIS AUSTERLITZ,70.0,2017,3,
CLERMONT FERRAND,BÉZIERS,96.7,2017,3,
NANTES,LYON PART DIEU,89.6,2017,3,
NICE,BORDEAUX ST JEAN,60.6,2017,3,
PARIS AUSTERLITZ,TOURS,74.0,2017,3,
PARIS BERCY,NEVERS,86.8,2017,3,
ROUEN,PARIS ST LAZARE,95.4,2017,3,
TROYES,PARIS EST,86.2,2017,3,
BORDEAUX ST JEAN,NANTES,81.1,2017,4,
BOURGES,PARIS AUSTERLITZ,70.5,2017,4,
LE HAVRE,PARIS ST LAZARE,94.4,2017,4,
PARIS AUSTERLITZ,ORLÉANS,70.5,2017,4,
PARIS BERCY,NEVERS,86.9,2017,4,
PARIS ST LAZARE,TROUVILLE DEAUVILLE,62.7,2017,4,
BÉZIERS,CLERMONT FERRAND,93.3,2015,9,
CHERBOURG,PARIS ST LAZARE,90.5,2015,9,
CLERMONT FERRAND,PARIS BERCY,91.5,2015,9,
HENDAYE,TOULOUSE MATABIAU,91.1,2015,9,
PARIS AUSTERLITZ,CERBERE,90.8,2015,9,
PARIS BERCY,NEVERS,85.0,2015,9,
PARIS EST,BELFORT,87.7,2015,9,
PARIS ST LAZARE,CAEN,88.5,2015,9,
PARIS ST LAZARE,CHERBOURG,89.2,2015,9,
PARIS ST LAZARE,LE HAVRE,92.8,2015,9,
TOULOUSE MATABIAU,HENDAYE,92.8,2015,9,
BELFORT,PARIS EST,93.2,2015,10,
CERBERE,PARIS AUSTERLITZ,89.5,2015,10,
CHERBOURG,PARIS ST LAZARE,92.2,2015,10,
MAUBEUGE,PARIS NORD,84.9,2015,10,
NANTES,BORDEAUX ST JEAN,67.6,2015,10,
NÎMES,CLERMONT FERRAND,,2015,10,
PARIS AUSTERLITZ,TOURS,64.1,2015,10,
PARIS BERCY,CLERMONT FERRAND,86.0,2015,10,
PARIS EST,BELFORT,90.5,2015,10,
PARIS VAUGIRARD,GRANVILLE,93.9,2015,10,
TROUVILLE DEAUVILLE,PARIS ST LAZARE,87.0,2015,10,
TROYES,PARIS EST,89.4,2015,10,
BÉZIERS,CLERMONT FERRAND,96.7,2015,11,
BORDEAUX ST JEAN,NANTES,90.0,2015,11,
CHERBOURG,PARIS ST LAZARE,78.1,2015,11,
CLERMONT FERRAND,BÉZIERS,96.7,2015,11,
LYON PART DIEU,NANTES,94.0,2015,11,
PARIS NORD,BOULOGNE,89.6,2015,11,
BORDEAUX ST JEAN,LIMOGES,100.0,2015,12,
CLERMONT FERRAND,BÉZIERS,90.3,2015,12,
LYON PART DIEU,NANTES,90.8,2015,12,
PARIS AUSTERLITZ,ORLÉANS,67.4,2015,12,
PARIS AUSTERLITZ,TOURS,77.8,2015,12,
PARIS BERCY,CLERMONT FERRAND,89.8,2015,12,
PARIS EST,BELFORT,89.9,2015,12,
PARIS EST,TROYES,90.9,2015,12,
PARIS ST LAZARE,LE HAVRE,94.1,2015,12,
ROUEN,PARIS ST LAZARE,95.0,2015,12,
TROYES,PARIS EST,93.5,2015,12,
AMIENS,PARIS NORD,83.2,2016,1,
BÉZIERS,CLERMONT FERRAND,93.5,2016,1,
CAEN,TOURS,95.5,2016,1,
CHERBOURG,PARIS ST LAZARE,89.8,2016,1,
LE HAVRE,PARIS ST LAZARE,93.9,2016,1,
NEVERS,PARIS BERCY,94.0,2016,1,
NICE,BORDEAUX ST JEAN,79.1,2016,1,
PARIS AUSTERLITZ,TOURS,88.1,2016,1,
PARIS ST LAZARE,CAEN,86.9,2016,1,
PARIS ST LAZARE,CHERBOURG,91.7,2016,1,
PARIS ST LAZARE,LE HAVRE,91.0,2016,1,
TOURS,CAEN,91.9,2016,1,
BOURGES,PARIS AUSTERLITZ,87.3,2016,2,
CAEN,PARIS ST LAZARE,94.4,2016,2,
HENDAYE,TOULOUSE MATABIAU,90.7,2016,2,
LE HAVRE,PARIS ST LAZARE,92.8,2016,2,
LYON PART DIEU,NANTES,94.7,2016,2,
NEVERS,PARIS BERCY,91.4,2016,2,
NÎMES,CLERMONT FERRAND,96.6,2016,2,
PARIS NORD,AMIENS,84.5,2016,2,
PARIS ST LAZARE,TROUVILLE DEAUVILLE,90.7,2016,2,
TOURS,PARIS AUSTERLITZ,96.7,2016,2,
AMIENS,PARIS NORD,80.0,2016,3,
BORDEAUX ST JEAN,NICE,81.9,2016,3,
BOULOGNE,PARIS NORD,83.0,2016,3,
LE HAVRE,PARIS ST LAZARE,90.7,2016,3,
LIMOGES,BORDEAUX ST JEAN,96.3,2016,3,
NEVERS,PARIS BERCY,87.7,2016,3,
NICE,BORDEAUX ST JEAN,76.5,2016,3,
PARIS AUSTERLITZ,BOURGES,92.7,2016,3,
PARIS BERCY,CLERMONT FERRAND,87.3,2016,3,
PARIS BERCY,NEVERS,87.9,2016,3,
NEVERS,PARIS BERCY,93.4,2014,8,
PARIS AUSTERLITZ,CERBERE,80.6,2014,7,
PARIS AUSTERLITZ,TOURS,61.9,2014,7,
CERBERE,PARIS AUSTERLITZ,82.5,2014,7,
BORDEAUX ST JEAN,NICE,67.5,2014,7,
NANTES,BORDEAUX ST JEAN,75.7,2014,7,
LYON PART DIEU,NANTES,92.4,2014,7,
CAEN,PARIS ST LAZARE,91.7,2014,7,
NEVERS,PARIS BERCY,86.4,2014,7,
PARIS EST,BELFORT,83.6,2014,7,
CAEN,TOURS,89.6,2014,7,
BORDEAUX ST JEAN,NANTES,94.1,2014,5,
HENDAYE,TOULOUSE MATABIAU,94.6,2014,5,
CHERBOURG,PARIS ST LAZARE,91.7,2014,5,
PARIS ST LAZARE,ROUEN,96.8,2014,5,
NICE,BORDEAUX ST JEAN,96.9,2014,5,
BOULOGNE,PARIS NORD,88.9,2014,5,
NANTES,LYON PART DIEU,94.8,2014,5,
PARIS BERCY,NEVERS,88.1,2014,5,
PARIS EST,BELFORT,83.3,2014,5,
PARIS EST,TROYES,91.1,2014,5,
PARIS AUSTERLITZ,ORLÉANS,83.8,2014,3,
PARIS AUSTERLITZ,BOURGES,91.8,2014,3,
HENDAYE,TOULOUSE MATABIAU,94.1,2014,3,
CHERBOURG,PARIS ST LAZARE,94.8,2014,3,
CLERMONT FERRAND,NÎMES,93.5,2014,3,
MAUBEUGE,PARIS NORD,93.6,2014,3,
CAEN,PARIS ST LAZARE,93.3,2014,3,
PARIS NORD,BOULOGNE,97.0,2014,3,
PARIS NORD,AMIENS,89.3,2014,3,
TOURS,CAEN,87.1,2014,3,
CLERMONT FERRAND,PARIS BERCY,90.0,2014,4,
PARIS NORD,MAUBEUGE,93.2,2014,4,
NANTES,LYON PART DIEU,83.3,2014,4,
NÎMES,CLERMONT FERRAND,86.7,2014,4,
AMIENS,PARIS NORD,81.4,2014,4,
NEVERS,PARIS BERCY,89.1,2014,4,
TROYES,PARIS EST,92.2,2014,3,
PARIS EST,BELFORT,88.9,2014,3,
CAEN,TOURS,87.5,2014,4,
LIMOGES,BORDEAUX ST JEAN,100.0,2014,4,
PARIS AUSTERLITZ,ORLÉANS,77.3,2014,10,
PARIS VAUGIRARD,GRANVILLE,83.6,2014,10,
PARIS BERCY,CLERMONT FERRAND,93.6,2014,10,
PARIS NORD,AMIENS,73.7,2014,10,
TROYES,PARIS EST,74.9,2014,10,
BORDEAUX ST JEAN,NICE,74.9,2014,10,
BOURGES,PARIS AUSTERLITZ,85.4,2014,10,
LE HAVRE,PARIS ST LAZARE,89.3,2014,10,
GRANVILLE,PARIS VAUGIRARD,77.9,2014,10,
CLERMONT FERRAND,NÎMES,69.2,2014,10,
MAUBEUGE,PARIS NORD,91.6,2014,10,
BOULOGNE,PARIS NORD,83.1,2014,9,
CAEN,PARIS ST LAZARE,85.0,2014,10,
BÉZIERS,CLERMONT FERRAND,81.5,2014,10,
CAEN,TOURS,74.2,2014,10,
PARIS ST LAZARE,LE HAVRE,89.2,2014,1,
HENDAYE,TOULOUSE MATABIAU,87.1,2014,1,
CHERBOURG,PARIS ST LAZARE,90.3,2014,2,
GRANVILLE,PARIS VAUGIRARD,92.6,2014,2,
NANTES,BORDEAUX ST JEAN,91.7,2014,1,
BORDEAUX ST JEAN,LIMOGES,96.3,2014,2,
ROUEN,PARIS ST LAZARE,92.9,2014,2,
LYON PART DIEU,NANTES,93.5,2014,1,
PARIS EST,BELFORT,92.5,2014,1,
TOURS,CAEN,89.3,2014,2,
PARIS AUSTERLITZ,TOURS,78.9,2014,2,
BORDEAUX ST JEAN,NANTES,83.1,2014,3,
ORLÉANS,PARIS AUSTERLITZ,83.2,2014,2,
BORDEAUX ST JEAN,NICE,76.7,2014,3,
BOURGES,PARIS AUSTERLITZ,88.7,2014,3,
HENDAYE,TOULOUSE MATABIAU,42.9,2014,2,
PARIS BERCY,CLERMONT FERRAND,91.0,2014,2,
NICE,BORDEAUX ST JEAN,87.9,2014,2,
PARIS NORD,BOULOGNE,93.2,2014,2,
TOULOUSE MATABIAU,HENDAYE,100.0,2014,2,
TROUVILLE DEAUVILLE,PARIS ST LAZARE,88.2,2014,8,
TROUVILLE DEAUVILLE,PARIS ST LAZARE,87.2,2014,9,
PARIS AUSTERLITZ,TOURS,85.8,2014,9,
BORDEAUX ST JEAN,NICE,73.4,2014,9,
TOURS,PARIS AUSTERLITZ,87.1,2014,8,
PARIS NORD,MAUBEUGE,88.9,2014,9,
LIMOGES,BORDEAUX ST JEAN,92.6,2014,9,
PARIS NORD,AMIENS,76.2,2014,9,
NÎMES,CLERMONT FERRAND,92.3,2014,9,
CAEN,TOURS,78.1,2014,9,
PARIS ST LAZARE,TROUVILLE DEAUVILLE,90.8,2014,6,
PARIS ST LAZARE,LE HAVRE,84.2,2014,6,
CERBERE,PARIS AUSTERLITZ,80.3,2014,6,
LE HAVRE,PARIS ST LAZARE,76.1,2014,6,
NICE,BORDEAUX ST JEAN,66.0,2014,6,
PARIS NORD,MAUBEUGE,89.3,2014,6,
AMIENS,PARIS NORD,77.1,2014,6,
AMIENS,PARIS NORD,82.2,2014,7,
PARIS EST,TROYES,87.2,2014,6,
BELFORT,PARIS EST,89.6,2014,6,
CLERMONT FERRAND,PARIS BERCY,89.1,2014,11,
CAEN,PARIS ST LAZARE,86.8,2014,11,
BELFORT,PARIS EST,86.6,2014,11,
BELFORT,PARIS EST,87.4,2016,7,
PARIS EST,TROYES,79.4,2017,7,
ROUEN,PARIS ST LAZARE,90.3,2017,7,
TROUVILLE DEAUVILLE,PARIS ST LAZARE,85.6,2017,7,
TROYES,PARIS EST,87.7,2017,7,
BÉZIERS,CLERMONT FERRAND,93.4,2017,8,
CERBERE,PARIS AUSTERLITZ,90.3,2017,8,
LYON PART DIEU,NANTES,82.5,2017,8,
NEVERS,PARIS BERCY,72.8,2017,8,
NÎMES,CLERMONT FERRAND,58.1,2017,8,
PARIS ST LAZARE,CAEN,86.5,2017,8,
TOURS,PARIS AUSTERLITZ,92.1,2017,8,
AMIENS,PARIS NORD,82.4,2017,9,
BORDEAUX ST JEAN,NICE,77.8,2017,9,
CERBERE,PARIS AUSTERLITZ,83.3,2017,9,
CHERBOURG,PARIS ST LAZARE,94.6,2017,9,
LE HAVRE,PARIS ST LAZARE,88.9,2017,9,
LIMOGES,BORDEAUX ST JEAN,85.7,2017,9,
NANTES,LYON PART DIEU,88.5,2017,9,
PARIS AUSTERLITZ,CERBERE,90.0,2017,9,
PARIS BERCY,NEVERS,79.2,2017,9,
TOULOUSE MATABIAU,HENDAYE,92.0,2017,9,
TROUVILLE DEAUVILLE,PARIS ST LAZARE,88.1,2017,9,
BELFORT,PARIS EST,87.6,2017,10,
BORDEAUX ST JEAN,NICE,77.3,2017,10,
CERBERE,PARIS AUSTERLITZ,87.5,2017,10,
LYON PART DIEU,NANTES,87.9,2017,10,
NANTES,LYON PART DIEU,90.9,2017,10,
PARIS AUSTERLITZ,BOURGES,88.1,2017,10,
PARIS EST,TROYES,87.6,2017,10,
PARIS ST LAZARE,TROUVILLE DEAUVILLE,70.7,2017,10,
TOURS,CAEN,82.3,2017,10,
TROUVILLE DEAUVILLE,PARIS ST LAZARE,82.5,2017,10,
TROYES,PARIS EST,81.9,2017,10,
PARIS AUSTERLITZ,BOURGES,92.6,2015,10,
PARIS ST LAZARE,CHERBOURG,88.2,2015,10,
BORDEAUX ST JEAN,NANTES,77.5,2015,10,
ORLÉANS,PARIS AUSTERLITZ,87.7,2015,10,
GRANVILLE,PARIS VAUGIRARD,93.8,2015,10,
NICE,BORDEAUX ST JEAN,71.8,2015,10,
LYON PART DIEU,NANTES,93.1,2015,10,
AMIENS,PARIS NORD,73.5,2015,11,
PARIS BERCY,NEVERS,87.1,2015,10,
BELFORT,PARIS EST,82.0,2015,11,
PARIS VAUGIRARD,GRANVILLE,94.0,2015,9,
NANTES,BORDEAUX ST JEAN,80.3,2015,9,
TOURS,PARIS AUSTERLITZ,91.5,2015,9,
ROUEN,PARIS ST LAZARE,92.7,2015,9,
PARIS NORD,MAUBEUGE,91.7,2015,9,
LIMOGES,BORDEAUX ST JEAN,93.1,2015,9,
TROYES,PARIS EST,88.3,2015,9,
BORDEAUX ST JEAN,LIMOGES,100.0,2015,10,
BÉZIERS,CLERMONT FERRAND,100.0,2015,10,
NANTES,LYON PART DIEU,100.0,2015,9,
CLERMONT FERRAND,PARIS BERCY,85.4,2015,11,
LIMOGES,BORDEAUX ST JEAN,93.3,2015,11,
PARIS AUSTERLITZ,CERBERE,92.5,2014,2,
PARIS ST LAZARE,CHERBOURG,91.2,2014,3,
GRANVILLE,PARIS VAUGIRARD,96.4,2014,3,
LE HAVRE,PARIS ST LAZARE,91.9,2014,3,
NANTES,BORDEAUX ST JEAN,90.1,2014,3,
LIMOGES,BORDEAUX ST JEAN,87.1,2014,3,
NÎMES,CLERMONT FERRAND,82.1,2014,2,
NEVERS,PARIS BERCY,93.3,2014,2,
BELFORT,PARIS EST,89.4,2014,3,
PARIS EST,BELFORT,87.5,2014,2,
TROUVILLE DEAUVILLE,PARIS ST LAZARE,87.7,2014,6,
PARIS AUSTERLITZ,BOURGES,84.7,2014,6,
PARIS ST LAZARE,CHERBOURG,89.7,2014,7,
GRANVILLE,PARIS VAUGIRARD,85.4,2014,7,
PARIS ST LAZARE,ROUEN,91.6,2014,6,
TOURS,PARIS AUSTERLITZ,70.8,2014,7,
PARIS ST LAZARE,CAEN,87.4,2014,6,
PARIS NORD,BOULOGNE,97.9,2014,6,
NANTES,LYON PART DIEU,94.1,2014,7,
PARIS EST,BELFORT,81.6,2014,6,
TROUVILLE DEAUVILLE,PARIS ST LAZARE,90.0,2014,2,
PARIS AUSTERLITZ,ORLÉANS,81.6,2014,1,
PARIS AUSTERLITZ,CERBERE,93.6,2014,1,
NICE,BORDEAUX ST JEAN,86.4,2014,1,
BÉZIERS,CLERMONT FERRAND,96.4,2014,2,
PARIS NORD,AMIENS,81.4,2014,2,
PARIS BERCY,NEVERS,92.5,2014,1,
NEVERS,PARIS BERCY,94.9,2014,1,
BELFORT,PARIS EST,90.1,2014,2,
LIMOGES,BORDEAUX ST JEAN,100.0,2014,1,
BORDEAUX ST JEAN,NANTES,70.0,2014,7,
BOURGES,PARIS AUSTERLITZ,75.2,2014,7,
PARIS ST LAZARE,CAEN,84.2,2014,7,
GRANVILLE,PARIS VAUGIRARD,89.8,2014,8,
CLERMONT FERRAND,BÉZIERS,90.3,2014,7,
BOULOGNE,PARIS NORD,84.0,2014,7,
BÉZIERS,CLERMONT FERRAND,90.3,2014,8,
LIMOGES,BORDEAUX ST JEAN,96.8,2014,8,
BELFORT,PARIS EST,95.9,2014,8,
NANTES,LYON PART DIEU,100.0,2014,8,
PARIS AUSTERLITZ,ORLÉANS,93.5,2014,5,
PARIS AUSTERLITZ,TOURS,84.3,2014,5,
BOURGES,PARIS AUSTERLITZ,82.7,2014,6,
GRANVILLE,PARIS VAUGIRARD,89.2,2014,6,
PARIS ST LAZARE,CAEN,92.5,2014,5,
CLERMONT FERRAND,NÎMES,100.0,2016,4,
CLERMONT FERRAND,BÉZIERS,97.9,2016,4,
LIMOGES,BORDEAUX ST JEAN,92.3,2016,4,
NEVERS,PARIS BERCY,89.7,2016,4,
PARIS EST,BELFORT,93.4,2016,4,
PARIS EST,TROYES,90.5,2016,4,
PARIS NORD,BOULOGNE,85.7,2016,4,
PARIS ST LAZARE,CAEN,82.4,2016,4,
PARIS ST LAZARE,CHERBOURG,86.7,2016,4,
PARIS ST LAZARE,LE HAVRE,78.8,2016,4,
PARIS VAUGIRARD,GRANVILLE,87.7,2016,4,
ROUEN,PARIS ST LAZARE,93.3,2016,4,
AMIENS,PARIS NORD,85.2,2016,5,
MAUBEUGE,PARIS NORD,92.8,2016,5,
NEVERS,PARIS BERCY,85.2,2016,5,
ORLÉANS,PARIS AUSTERLITZ,76.3,2016,5,
BELFORT,PARIS EST,69.7,2016,6,
BÉZIERS,CLERMONT FERRAND,89.5,2016,6,
BORDEAUX ST JEAN,LIMOGES,80.0,2016,6,
BORDEAUX ST JEAN,NANTES,54.9,2016,6,
GRANVILLE,PARIS VAUGIRARD,78.1,2016,6,
HENDAYE,TOULOUSE MATABIAU,83.3,2016,6,
LIMOGES,BORDEAUX ST JEAN,80.0,2016,6,
PARIS AUSTERLITZ,ORLÉANS,71.7,2016,6,
PARIS NORD,BOULOGNE,91.8,2016,6,
TOULOUSE MATABIAU,HENDAYE,83.3,2016,6,
TOURS,CAEN,89.3,2016,6,
HENDAYE,TOULOUSE MATABIAU,94.2,2015,3,
CLERMONT FERRAND,PARIS BERCY,90.6,2015,2,
GRANVILLE,PARIS VAUGIRARD,96.6,2015,2,
TOURS,PARIS AUSTERLITZ,87.5,2015,2,
CLERMONT FERRAND,BÉZIERS,96.7,2015,3,
MAUBEUGE,PARIS NORD,83.5,2015,2,
NÎMES,CLERMONT FERRAND,98.1,2015,2,
AMIENS,PARIS NORD,78.9,2015,3,
PARIS BERCY,NEVERS,88.1,2015,2,
PARIS EST,TROYES,93.9,2015,2,
BORDEAUX ST JEAN,NICE,85.0,2015,1,
HENDAYE,TOULOUSE MATABIAU,91.2,2015,1,
BOURGES,PARIS AUSTERLITZ,82.3,2015,1,
CHERBOURG,PARIS ST LAZARE,92.6,2015,1,
CLERMONT FERRAND,NÎMES,97.4,2015,1,
ROUEN,PARIS ST LAZARE,92.3,2015,1,
BÉZIERS,CLERMONT FERRAND,85.7,2015,2,
CAEN,PARIS ST LAZARE,91.3,2015,1,
PARIS BERCY,NEVERS,91.8,2015,1,
CAEN,TOURS,88.3,2015,2,
ORLÉANS,PARIS AUSTERLITZ,91.0,2015,8,
CLERMONT FERRAND,PARIS BERCY,87.8,2015,8,
PARIS ST LAZARE,ROUEN,94.6,2015,8,
CLERMONT FERRAND,NÎMES,88.9,2015,8,
PARIS NORD,MAUBEUGE,94.3,2015,8,
MAUBEUGE,PARIS NORD,88.5,2015,8,
PARIS EST,TROYES,87.3,2015,8,
TROYES,PARIS EST,89.1,2015,8,
TROUVILLE DEAUVILLE,PARIS ST LAZARE,86.5,2014,12,
ORLÉANS,PARIS AUSTERLITZ,80.2,2014,12,
HENDAYE,TOULOUSE MATABIAU,89.2,2014,12,
CLERMONT FERRAND,PARIS BERCY,90.6,2014,12,
ROUEN,PARIS ST LAZARE,88.8,2014,12,
PARIS NORD,AMIENS,71.5,2014,12,
LIMOGES,BORDEAUX ST JEAN,90.3,2014,12,
PARIS BERCY,NEVERS,86.7,2014,12,
BELFORT,PARIS EST,96.8,2015,1,
NÎMES,CLERMONT FERRAND,100.0,2014,12,
TOULOUSE MATABIAU,HENDAYE,86.9,2015,6,
BORDEAUX ST JEAN,NANTES,69.4,2015,7,
PARIS ST LAZARE,ROUEN,89.4,2015,6,
BOURGES,PARIS AUSTERLITZ,82.3,2015,7,
NANTES,BORDEAUX ST JEAN,65.3,2015,7,
ROUEN,PARIS ST LAZARE,93.7,2015,6,
NANTES,LYON PART DIEU,77.8,2015,7,
PARIS BERCY,NEVERS,78.8,2015,6,
PARIS EST,TROYES,88.1,2015,6,
BELFORT,PARIS EST,87.5,2015,7,
TOULOUSE MATABIAU,HENDAYE,87.7,2015,7,
BORDEAUX ST JEAN,NANTES,73.2,2015,8,
PARIS ST LAZARE,LE HAVRE,85.9,2015,7,
CHERBOURG,PARIS ST LAZARE,93.5,2015,8,
TOURS,PARIS AUSTERLITZ,79.8,2015,7,
PARIS NORD,MAUBEUGE,92.8,2015,7,
BÉZIERS,CLERMONT FERRAND,90.3,2015,8,
AMIENS,PARIS NORD,71.3,2015,8,
PARIS EST,BELFORT,86.4,2015,7,
BORDEAUX ST JEAN,LIMOGES,100.0,2015,8,
TROUVILLE DEAUVILLE,PARIS ST LAZARE,93.4,2015,4,
PARIS AUSTERLITZ,TOURS,91.2,2015,5,
ORLÉANS,PARIS AUSTERLITZ,88.2,2015,5,
NANTES,BORDEAUX ST JEAN,88.7,2015,5,
ROUEN,PARIS ST LAZARE,94.1,2015,4,
PARIS NORD,MAUBEUGE,93.8,2015,4,
LIMOGES,BORDEAUX ST JEAN,93.5,2015,5,
BOULOGNE,PARIS NORD,96.5,2015,5,
PARIS BERCY,NEVERS,84.6,2015,5,
PARIS EST,BELFORT,95.5,2015,5,
PARIS ST LAZARE,TROUVILLE DEAUVILLE,91.3,2015,5,
PARIS AUSTERLITZ,BOURGES,86.7,2015,6,
PARIS ST LAZARE,CHERBOURG,94.5,2015,5,
PARIS VAUGIRARD,GRANVILLE,94.5,2015,5,
BORDEAUX ST JEAN,NICE,68.3,2015,6,
TOURS,CAEN,78.3,2017,6,
BORDEAUX ST JEAN,NICE,71.8,2017,7,
BORDEAUX ST JEAN,LIMOGES,87.1,2017,7,
CAEN,TOURS,80.6,2017,7,
CHERBOURG,PARIS ST LAZARE,89.2,2017,7,
CLERMONT FERRAND,NÎMES,74.2,2017,7,
HENDAYE,TOULOUSE MATABIAU,87.9,2017,7,
LYON PART DIEU,NANTES,93.0,2017,7,
ORLÉANS,PARIS AUSTERLITZ,86.7,2017,7,
PARIS NORD,BOULOGNE,87.2,2017,7,
PARIS VAUGIRARD,GRANVILLE,90.7,2017,7,
TOURS,PARIS AUSTERLITZ,90.6,2017,7,
BORDEAUX ST JEAN,LIMOGES,100.0,2017,8,
CLERMONT FERRAND,BÉZIERS,91.8,2017,8,
LE HAVRE,PARIS ST LAZARE,90.4,2017,8,
MAUBEUGE,PARIS NORD,93.3,2017,8,
NANTES,LYON PART DIEU,86.4,2017,8,
PARIS VAUGIRARD,GRANVILLE,88.2,2017,8,
TROUVILLE DEAUVILLE,PARIS ST LAZARE,89.0,2017,8,
TROYES,PARIS EST,86.1,2017,8,
BORDEAUX ST JEAN,LIMOGES,82.1,2017,9,
BOURGES,PARIS AUSTERLITZ,85.7,2017,9,
CLERMONT FERRAND,NÎMES,96.4,2017,9,
NANTES,BORDEAUX ST JEAN,78.2,2017,9,
PARIS AUSTERLITZ,TOURS,83.3,2017,9,
PARIS BERCY,CLERMONT FERRAND,86.2,2017,9,
PARIS EST,TROYES,88.8,2017,9,
PARIS NORD,BOULOGNE,88.3,2017,9,
PARIS ST LAZARE,CHERBOURG,87.3,2017,9,
ROUEN,PARIS ST LAZARE,90.6,2017,9,
TOURS,CAEN,88.1,2017,9,
BORDEAUX ST JEAN,LIMOGES,87.1,2017,10,
BOULOGNE,PARIS NORD,84.8,2017,10,
CLERMONT FERRAND,PARIS BERCY,88.1,2017,10,
NEVERS,PARIS BERCY,87.9,2017,10,
PARIS AUSTERLITZ,TOURS,76.9,2017,10,
PARIS BERCY,CLERMONT FERRAND,89.3,2017,10,
PARIS NORD,AMIENS,70.5,2017,10,
PARIS NORD,MAUBEUGE,90.2,2017,10,
PARIS ST LAZARE,LE HAVRE,89.3,2017,10,
PARIS VAUGIRARD,GRANVILLE,93.9,2017,10,
TOURS,PARIS AUSTERLITZ,74.2,2017,10,
PARIS VAUGIRARD,GRANVILLE,91.5,2015,1,
PARIS ST LAZARE,CHERBOURG,90.6,2015,1,
ORLÉANS,PARIS AUSTERLITZ,88.4,2015,2,
HENDAYE,TOULOUSE MATABIAU,90.7,2015,2,
CHERBOURG,PARIS ST LAZARE,90.9,2015,2,
PARIS ST LAZARE,ROUEN,92.4,2015,1,
CLERMONT FERRAND,NÎMES,94.5,2015,2,
CLERMONT FERRAND,BÉZIERS,96.4,2015,2,
LYON PART DIEU,NANTES,87.5,2015,2,
NANTES,LYON PART DIEU,100.0,2015,2,
PARIS ST LAZARE,LE HAVRE,87.1,2015,2,
BORDEAUX ST JEAN,NANTES,90.1,2015,3,
BOURGES,PARIS AUSTERLITZ,89.3,2015,3,
CERBERE,PARIS AUSTERLITZ,91.8,2015,3,
PARIS ST LAZARE,ROUEN,92.3,2015,2,
PARIS ST LAZARE,CAEN,84.5,2015,2,
MAUBEUGE,PARIS NORD,93.8,2015,3,
LIMOGES,BORDEAUX ST JEAN,96.8,2015,3,
TROYES,PARIS EST,91.6,2015,2,
BÉZIERS,CLERMONT FERRAND,100.0,2015,3,
HENDAYE,TOULOUSE MATABIAU,90.9,2015,4,
CLERMONT FERRAND,PARIS BERCY,89.7,2015,4,
CLERMONT FERRAND,NÎMES,97.0,2015,4,
MAUBEUGE,PARIS NORD,94.4,2015,4,
BÉZIERS,CLERMONT FERRAND,96.7,2015,4,
CAEN,PARIS ST LAZARE,94.9,2015,5,
PARIS BERCY,NEVERS,84.9,2015,4,
PARIS EST,BELFORT,85.5,2015,4,
TROYES,PARIS EST,89.9,2015,4,
NANTES,LYON PART DIEU,100.0,2015,4,
PARIS AUSTERLITZ,CERBERE,95.3,2015,3,
PARIS ST LAZARE,LE HAVRE,87.6,2015,3,
PARIS ST LAZARE,CHERBOURG,88.8,2015,3,
PARIS ST LAZARE,ROUEN,93.7,2015,3,
PARIS BERCY,CLERMONT FERRAND,92.3,2015,3,
PARIS NORD,BOULOGNE,88.5,2015,3,
NÎMES,CLERMONT FERRAND,96.8,2015,3,
NANTES,LYON PART DIEU,91.7,2015,3,
PARIS EST,TROYES,95.0,2015,3,
PARIS EST,BELFORT,98.4,2015,3,
CERBERE,PARIS AUSTERLITZ,40.4,2015,8,
GRANVILLE,PARIS VAUGIRARD,95.2,2015,8,
LYON PART DIEU,NANTES,92.2,2015,8,
NÎMES,CLERMONT FERRAND,83.9,2015,8,
BOULOGNE,PARIS NORD,93.1,2015,8,
LIMOGES,BORDEAUX ST JEAN,93.5,2015,8,
PARIS AUSTERLITZ,ORLÉANS,83.3,2015,5,
BORDEAUX ST JEAN,NANTES,77.3,2015,6,
CLERMONT FERRAND,PARIS BERCY,87.1,2015,5,
BOURGES,PARIS AUSTERLITZ,79.8,2015,6,
LYON PART DIEU,NANTES,89.4,2015,6,
PARIS NORD,MAUBEUGE,83.0,2015,5,
MAUBEUGE,PARIS NORD,85.9,2015,6,
BÉZIERS,CLERMONT FERRAND,96.7,2015,6,
BOULOGNE,PARIS NORD,85.7,2015,6,
PARIS NORD,BOULOGNE,72.7,2015,5,
PARIS ST LAZARE,TROUVILLE DEAUVILLE,79.1,2015,7,
PARIS ST LAZARE,ROUEN,92.0,2015,7,
PARIS NORD,BOULOGNE,88.1,2016,3,
PARIS ST LAZARE,CAEN,86.8,2016,3,
PARIS ST LAZARE,LE HAVRE,89.3,2016,3,
PARIS ST LAZARE,ROUEN,92.5,2016,3,
TOURS,PARIS AUSTERLITZ,87.0,2016,3,
BORDEAUX ST JEAN,NANTES,81.6,2016,4,
CAEN,PARIS ST LAZARE,87.4,2016,4,
TOULOUSE MATABIAU,HENDAYE,78.4,2016,4,
TOURS,PARIS AUSTERLITZ,93.9,2016,4,
TROUVILLE DEAUVILLE,PARIS ST LAZARE,96.3,2016,4,
BORDEAUX ST JEAN,LIMOGES,82.6,2016,5,
CAEN,PARIS ST LAZARE,90.4,2016,5,
HENDAYE,TOULOUSE MATABIAU,78.5,2016,5,
PARIS NORD,AMIENS,80.7,2016,5,
PARIS NORD,BOULOGNE,83.3,2016,5,
PARIS ST LAZARE,TROUVILLE DEAUVILLE,86.5,2016,5,
PARIS ST LAZARE,ROUEN,90.0,2016,5,
PARIS VAUGIRARD,GRANVILLE,83.4,2016,5,
BOURGES,PARIS AUSTERLITZ,76.4,2016,6,
CAEN,PARIS ST LAZARE,81.4,2016,6,
CLERMONT FERRAND,NÎMES,90.0,2016,6,
NÎMES,CLERMONT FERRAND,72.7,2016,6,
PARIS AUSTERLITZ,CERBERE,62.5,2016,6,
PARIS EST,BELFORT,64.0,2016,6,
PARIS NORD,AMIENS,72.0,2016,6,
PARIS ST LAZARE,CAEN,81.3,2016,6,
PARIS ST LAZARE,CHERBOURG,71.1,2016,6,
PARIS ST LAZARE,LE HAVRE,76.3,2016,6,
PARIS AUSTERLITZ,ORLÉANS,87.6,2015,8,
PARIS ST LAZARE,CHERBOURG,89.3,2015,7,
BORDEAUX ST JEAN,NICE,66.0,2015,8,
LE HAVRE,PARIS ST LAZARE,90.6,2015,8,
PARIS ST LAZARE,CAEN,92.9,2015,8,
NICE,BORDEAUX ST JEAN,68.6,2015,8,
ROUEN,PARIS ST LAZARE,93.4,2015,7,
MAUBEUGE,PARIS NORD,90.1,2015,7,
NEVERS,PARIS BERCY,88.4,2015,8,
TROYES,PARIS EST,91.8,2015,7,
PARIS ST LAZARE,TROUVILLE DEAUVILLE,84.6,2014,12,
TOULOUSE MATABIAU,HENDAYE,92.1,2014,12,
BORDEAUX ST JEAN,NANTES,90.1,2015,1,
CLERMONT FERRAND,PARIS BERCY,90.1,2015,1,
CERBERE,PARIS AUSTERLITZ,90.7,2015,1,
NANTES,BORDEAUX ST JEAN,76.1,2015,1,
TOURS,PARIS AUSTERLITZ,79.8,2014,12,
PARIS EST,TROYES,86.9,2014,12,
TOURS,CAEN,82.1,2014,12,
CAEN,TOURS,95.5,2015,1,
BOURGES,PARIS AUSTERLITZ,86.6,2015,5,
CERBERE,PARIS AUSTERLITZ,88.6,2015,5,
PARIS ST LAZARE,CAEN,91.4,2015,5,
PARIS BERCY,CLERMONT FERRAND,88.3,2015,5,
CLERMONT FERRAND,BÉZIERS,90.3,2015,5,
NICE,BORDEAUX ST JEAN,88.7,2015,5,
LYON PART DIEU,NANTES,91.8,2015,5,
MAUBEUGE,PARIS NORD,85.5,2015,5,
CAEN,TOURS,92.6,2015,5,
BORDEAUX ST JEAN,LIMOGES,100.0,2015,5,
ORLÉANS,PARIS AUSTERLITZ,74.4,2014,11,
PARIS VAUGIRARD,GRANVILLE,84.2,2014,11,
PARIS ST LAZARE,ROUEN,92.5,2014,11,
GRANVILLE,PARIS VAUGIRARD,88.0,2014,12,
CLERMONT FERRAND,BÉZIERS,93.5,2014,12,
PARIS BERCY,CLERMONT FERRAND,88.6,2014,12,
CLERMONT FERRAND,NÎMES,83.3,2014,12,
AMIENS,PARIS NORD,74.3,2014,12,
PARIS EST,TROYES,87.0,2014,11,
CAEN,TOURS,78.3,2014,12,
PARIS ST LAZARE,TROUVILLE DEAUVILLE,91.2,2015,6,
HENDAYE,TOULOUSE MATABIAU,94.1,2015,6,
GRANVILLE,PARIS VAUGIRARD,90.9,2015,7,
LE HAVRE,PARIS ST LAZARE,89.8,2015,7,
PARIS BERCY,CLERMONT FERRAND,82.7,2015,6,
BOULOGNE,PARIS NORD,91.4,2015,7,
AMIENS,PARIS NORD,79.6,2015,6,
PARIS EST,BELFORT,86.2,2015,6,
LIMOGES,BORDEAUX ST JEAN,100.0,2015,7,
CLERMONT FERRAND,NÎMES,,2015,6,
TROUVILLE DEAUVILLE,PARIS ST LAZARE,90.1,2015,2,
PARIS VAUGIRARD,GRANVILLE,93.9,2015,2,
CLERMONT FERRAND,PARIS BERCY,92.7,2015,3,
LE HAVRE,PARIS ST LAZARE,90.0,2015,3,
ROUEN,PARIS ST LAZARE,88.4,2015,3,
PARIS NORD,MAUBEUGE,89.8,2015,2,
BOULOGNE,PARIS NORD,91.4,2015,3,
NEVERS,PARIS BERCY,89.2,2015,3,
BELFORT,PARIS EST,90.3,2015,4,
BORDEAUX ST JEAN,LIMOGES,100.0,2015,3,
TOULOUSE MATABIAU,HENDAYE,94.3,2015,1,
LE HAVRE,PARIS ST LAZARE,87.4,2015,2,
PARIS BERCY,CLERMONT FERRAND,91.5,2015,2,
NICE,BORDEAUX ST JEAN,88.0,2015,2,
PARIS NORD,MAUBEUGE,91.9,2015,1,
CAEN,PARIS ST LAZARE,91.4,2015,2,
LIMOGES,BORDEAUX ST JEAN,89.3,2015,2,
NÎMES,CLERMONT FERRAND,94.1,2015,1,
NEVERS,PARIS BERCY,92.9,2015,1,
TOURS,CAEN,91.9,2015,1,
PARIS VAUGIRARD,GRANVILLE,93.6,2015,4,
BORDEAUX ST JEAN,NICE,81.0,2015,5,
CHERBOURG,PARIS ST LAZARE,93.9,2016,7,
CLERMONT FERRAND,NÎMES,89.7,2016,7,
NANTES,BORDEAUX ST JEAN,75.3,2016,7,
PARIS BERCY,CLERMONT FERRAND,92.5,2016,7,
PARIS EST,BELFORT,93.6,2016,7,
PARIS ST LAZARE,CHERBOURG,85.0,2016,7,
PARIS VAUGIRARD,GRANVILLE,92.2,2016,7,
BORDEAUX ST JEAN,NANTES,81.3,2016,8,
BOULOGNE,PARIS NORD,86.1,2016,8,
CHERBOURG,PARIS ST LAZARE,94.1,2016,8,
GRANVILLE,PARIS VAUGIRARD,88.3,2016,8,
LIMOGES,BORDEAUX ST JEAN,93.5,2016,8,
LYON PART DIEU,NANTES,86.0,2016,8,
NEVERS,PARIS BERCY,89.8,2016,8,
PARIS AUSTERLITZ,CERBERE,81.8,2016,8,
PARIS NORD,BOULOGNE,89.7,2016,8,
PARIS ST LAZARE,LE HAVRE,89.1,2016,8,
TOULOUSE MATABIAU,HENDAYE,79.8,2016,8,
BORDEAUX ST JEAN,LIMOGES,96.3,2016,9,
CAEN,PARIS ST LAZARE,90.2,2016,9,
CERBERE,PARIS AUSTERLITZ,97.8,2016,9,
CLERMONT FERRAND,PARIS BERCY,86.0,2016,9,
HENDAYE,TOULOUSE MATABIAU,90.7,2016,9,
LIMOGES,BORDEAUX ST JEAN,92.9,2016,9,
PARIS AUSTERLITZ,CERBERE,91.3,2016,9,
PARIS NORD,MAUBEUGE,86.8,2016,9,
ROUEN,PARIS ST LAZARE,95.1,2016,9,
AMIENS,PARIS NORD,89.4,2016,10,
BELFORT,PARIS EST,91.7,2016,10,
BOULOGNE,PARIS NORD,86.7,2016,10,
CLERMONT FERRAND,PARIS BERCY,84.5,2016,10,
HENDAYE,TOULOUSE MATABIAU,80.0,2016,10,
LE HAVRE,PARIS ST LAZARE,94.7,2016,10,
MAUBEUGE,PARIS NORD,93.2,2016,10,
NICE,BORDEAUX ST JEAN,62.5,2016,10,
PARIS AUSTERLITZ,ORLÉANS,69.3,2016,10,
PARIS ST LAZARE,CHERBOURG,84.5,2016,10,
PARIS ST LAZARE,ROUEN,91.4,2016,10,
TOULOUSE MATABIAU,HENDAYE,60.9,2016,10,
TROYES,PARIS EST,85.8,2016,10,
CLERMONT FERRAND,NÎMES,90.0,2016,11,
GRANVILLE,PARIS VAUGIRARD,82.1,2016,11,
LIMOGES,BORDEAUX ST JEAN,93.3,2016,11,
PARIS AUSTERLITZ,TOURS,72.6,2016,11,
PARIS NORD,BOULOGNE,89.5,2016,11,
TROUVILLE DEAUVILLE,PARIS ST LAZARE,87.8,2016,11,
AMIENS,PARIS NORD,88.9,2016,12,
BELFORT,PARIS EST,91.5,2016,12,
BOURGES,PARIS AUSTERLITZ,70.5,2016,12,
GRANVILLE,PARIS VAUGIRARD,87.5,2016,12,
MAUBEUGE,PARIS NORD,93.0,2016,12,
NEVERS,PARIS BERCY,89.4,2016,12,
NICE,BORDEAUX ST JEAN,62.3,2016,12,
NÎMES,CLERMONT FERRAND,61.3,2016,12,
ORLÉANS,PARIS AUSTERLITZ,77.6,2016,12,
PARIS AUSTERLITZ,CERBERE,87.9,2016,12,
PARIS BERCY,CLERMONT FERRAND,93.0,2016,12,
PARIS BERCY,NEVERS,87.4,2016,12,
PARIS NORD,AMIENS,94.1,2016,12,
PARIS ST LAZARE,TROUVILLE DEAUVILLE,64.1,2016,12,
TOURS,PARIS AUSTERLITZ,65.6,2016,12,
BORDEAUX ST JEAN,NICE,70.2,2017,1,
BORDEAUX ST JEAN,NANTES,81.3,2017,1,
CAEN,TOURS,82.1,2017,1,
LIMOGES,BORDEAUX ST JEAN,93.5,2017,1,
LYON PART DIEU,NANTES,86.0,2017,1,
PARIS AUSTERLITZ,BOURGES,87.1,2017,1,
PARIS NORD,MAUBEUGE,86.8,2017,1,
CAEN,PARIS ST LAZARE,89.7,2017,2,
CHERBOURG,PARIS ST LAZARE,93.3,2017,2,
LYON PART DIEU,NANTES,84.6,2017,2,
PARIS AUSTERLITZ,TOURS,70.9,2017,2,
PARIS BERCY,CLERMONT FERRAND,92.3,2017,2,
PARIS ST LAZARE,TROUVILLE DEAUVILLE,61.1,2017,2,
PARIS VAUGIRARD,GRANVILLE,91.2,2017,2,
TOURS,PARIS AUSTERLITZ,62.6,2017,2,
BORDEAUX ST JEAN,NICE,69.4,2017,3,
BORDEAUX ST JEAN,LIMOGES,96.0,2017,3,
BORDEAUX ST JEAN,NANTES,80.5,2017,3,
HENDAYE,TOULOUSE MATABIAU,91.4,2017,3,
LIMOGES,BORDEAUX ST JEAN,93.3,2017,3,
MAUBEUGE,PARIS NORD,93.3,2017,3,
PARIS AUSTERLITZ,ORLÉANS,72.3,2017,3,
PARIS AUSTERLITZ,BOURGES,86.9,2017,3,
PARIS NORD,AMIENS,94.8,2017,3,
PARIS ST LAZARE,LE HAVRE,90.9,2017,3,
PARIS VAUGIRARD,GRANVILLE,92.1,2017,3,
TOULOUSE MATABIAU,HENDAYE,78.4,2017,3,
TROUVILLE DEAUVILLE,PARIS ST LAZARE,89.0,2017,3,
CAEN,TOURS,81.8,2017,4,
CERBERE,PARIS AUSTERLITZ,,2017,4,
CHERBOURG,PARIS ST LAZARE,93.6,2017,4,
NANTES,LYON PART DIEU,88.7,2017,4,
NICE,BORDEAUX ST JEAN,62.3,2017,4,
PARIS AUSTERLITZ,TOURS,72.9,2017,4,
PARIS NORD,MAUBEUGE,85.4,2017,4,
PARIS ST LAZARE,LE HAVRE,90.2,2017,4,
PARIS ST LAZARE,ROUEN,91.1,2017,4,
TOURS,CAEN,81.7,2017,4,
TROUVILLE DEAUVILLE,PARIS ST LAZARE,89.2,2017,4,
CLERMONT FERRAND,BÉZIERS,89.5,2014,6,
CAEN,PARIS ST LAZARE,86.7,2014,5,
NÎMES,CLERMONT FERRAND,90.0,2014,6,
NEVERS,PARIS BERCY,82.1,2014,6,
TROYES,PARIS EST,88.0,2014,5,
BORDEAUX ST JEAN,NANTES,87.3,2014,10,
CERBERE,PARIS AUSTERLITZ,88.6,2014,10,
NANTES,BORDEAUX ST JEAN,91.2,2014,9,
BOULOGNE,PARIS NORD,81.3,2014,10,
CAEN,PARIS ST LAZARE,90.4,2014,9,
TROUVILLE DEAUVILLE,PARIS ST LAZARE,85.0,2014,5,
BORDEAUX ST JEAN,NICE,77.2,2014,4,
PARIS ST LAZARE,CAEN,94.5,2014,4,
BORDEAUX ST JEAN,LIMOGES,96.8,2014,5,
LIMOGES,BORDEAUX ST JEAN,75.0,2014,5,
PARIS NORD,AMIENS,92.9,2014,5,
NEVERS,PARIS BERCY,96.1,2014,5,
NEVERS,PARIS BERCY,92.0,2014,3,
CAEN,TOURS,94.9,2014,5,
TOURS,CAEN,92.6,2014,5,
TOULOUSE MATABIAU,HENDAYE,98.1,2014,9,
PARIS ST LAZARE,CHERBOURG,91.7,2014,9,
PARIS ST LAZARE,CHERBOURG,92.5,2014,8,
ORLÉANS,PARIS AUSTERLITZ,91.0,2014,8,
PARIS BERCY,CLERMONT FERRAND,95.4,2014,8,
CLERMONT FERRAND,BÉZIERS,96.7,2014,9,
NICE,BORDEAUX ST JEAN,80.5,2014,8,
TROYES,PARIS EST,88.5,2014,8,
NANTES,LYON PART DIEU,100.0,2014,9,
PARIS AUSTERLITZ,CERBERE,90.1,2014,10,
TOURS,PARIS AUSTERLITZ,73.2,2014,10,
PARIS NORD,MAUBEUGE,87.1,2014,10,
BÉZIERS,CLERMONT FERRAND,93.3,2014,11,
NEVERS,PARIS BERCY,88.8,2014,10,
PARIS EST,BELFORT,86.7,2014,10,
NANTES,LYON PART DIEU,100.0,2014,10,
PARIS AUSTERLITZ,ORLÉANS,77.7,2014,12,
PARIS AUSTERLITZ,CERBERE,83.2,2014,12,
BORDEAUX ST JEAN,NANTES,88.1,2014,12,
BORDEAUX ST JEAN,NICE,70.6,2014,12,
LE HAVRE,PARIS ST LAZARE,87.4,2014,12,
CHERBOURG,PARIS ST LAZARE,87.2,2014,12,
LYON PART DIEU,NANTES,85.7,2014,12,
PARIS NORD,MAUBEUGE,88.6,2014,12,
NEVERS,PARIS BERCY,83.6,2014,12,
BÉZIERS,CLERMONT FERRAND,100.0,2014,12,
PARIS ST LAZARE,TROUVILLE DEAUVILLE,82.9,2014,11,
PARIS AUSTERLITZ,ORLÉANS,79.8,2014,11,
PARIS AUSTERLITZ,CERBERE,89.5,2014,11,
PARIS AUSTERLITZ,BOURGES,88.9,2014,11,
CHERBOURG,PARIS ST LAZARE,92.5,2014,11,
BOURGES,PARIS AUSTERLITZ,81.5,2014,11,
PARIS ST LAZARE,CAEN,86.8,2014,11,
NEVERS,PARIS BERCY,95.2,2014,11,
PARIS EST,BELFORT,88.1,2014,11,
CAEN,TOURS,86.6,2014,11,
PARIS ST LAZARE,LE HAVRE,87.3,2014,12,
LE HAVRE,PARIS ST LAZARE,91.2,2015,1,
PARIS ST LAZARE,ROUEN,90.8,2014,12,
PARIS ST LAZARE,CAEN,85.1,2014,12,
MAUBEUGE,PARIS NORD,95.2,2015,1,
NANTES,LYON PART DIEU,92.9,2015,1,
TROYES,PARIS EST,90.4,2014,12,
LIMOGES,BORDEAUX ST JEAN,100.0,2015,1,
PARIS AUSTERLITZ,TOURS,86.7,2015,8,
PARIS VAUGIRARD,GRANVILLE,93.9,2015,7,
HENDAYE,TOULOUSE MATABIAU,92.9,2015,8,
PARIS BERCY,CLERMONT FERRAND,71.7,2015,8,
NANTES,LYON PART DIEU,89.5,2015,8,
PARIS BERCY,NEVERS,80.8,2015,8,
PARIS EST,BELFORT,91.5,2015,8,
BELFORT,PARIS EST,95.1,2015,8,
PARIS ST LAZARE,TROUVILLE DEAUVILLE,92.9,2015,4,
PARIS AUSTERLITZ,BOURGES,91.8,2015,4,
BORDEAUX ST JEAN,NANTES,91.5,2015,5,
PARIS ST LAZARE,CHERBOURG,90.4,2015,4,
PARIS ST LAZARE,ROUEN,92.8,2015,4,
PARIS BERCY,CLERMONT FERRAND,92.1,2015,4,
CLERMONT FERRAND,BÉZIERS,96.7,2015,4,
BORDEAUX ST JEAN,LIMOGES,90.0,2015,4,
BÉZIERS,CLERMONT FERRAND,93.5,2015,5,
CAEN,PARIS ST LAZARE,92.4,2015,4,
PARIS AUSTERLITZ,CERBERE,92.6,2015,5,
PARIS AUSTERLITZ,BOURGES,88.9,2015,5,
PARIS ST LAZARE,LE HAVRE,91.5,2015,5,
HENDAYE,TOULOUSE MATABIAU,96.9,2015,5,
GRANVILLE,PARIS VAUGIRARD,94.2,2015,5,
CHERBOURG,PARIS ST LAZARE,94.5,2015,5,
CLERMONT FERRAND,NÎMES,93.8,2015,5,
PARIS NORD,AMIENS,86.3,2015,5,
NÎMES,CLERMONT FERRAND,96.0,2015,5,
PARIS EST,TROYES,94.9,2015,5,
TROUVILLE DEAUVILLE,PARIS ST LAZARE,94.9,2015,1,
BORDEAUX ST JEAN,NANTES,93.8,2015,2,
TOURS,PARIS AUSTERLITZ,91.9,2015,1,
NICE,BORDEAUX ST JEAN,88.8,2015,1,
PARIS NORD,BOULOGNE,66.0,2015,1,
PARIS NORD,AMIENS,65.8,2015,1,
BOULOGNE,PARIS NORD,92.0,2015,2,
PARIS EST,TROYES,93.8,2015,1,
GRANVILLE,PARIS VAUGIRARD,89.7,2015,6,
TOURS,PARIS AUSTERLITZ,94.7,2015,5,
NICE,BORDEAUX ST JEAN,62.7,2015,6,
CAEN,PARIS ST LAZARE,92.6,2015,6,
NEVERS,PARIS BERCY,90.3,2015,6,
BOURGES,PARIS AUSTERLITZ,89.0,2015,4,
PARIS ST LAZARE,CAEN,89.7,2015,3,
LYON PART DIEU,NANTES,87.6,2015,4,
NICE,BORDEAUX ST JEAN,82.5,2015,4,
LYON PART DIEU,NANTES,87.1,2015,3,
PARIS NORD,AMIENS,83.8,2015,4,
BOULOGNE,PARIS NORD,90.7,2015,4,
PARIS BERCY,NEVERS,87.9,2015,3,
PARIS EST,TROYES,94.0,2015,4,
NEVERS,PARIS BERCY,89.9,2015,4,
TROUVILLE DEAUVILLE,PARIS ST LAZARE,89.6,2014,11,
PARIS ST LAZARE,CHERBOURG,84.5,2014,11,
CERBERE,PARIS AUSTERLITZ,74.6,2014,12,
BOURGES,PARIS AUSTERLITZ,78.3,2014,12,
BORDEAUX ST JEAN,LIMOGES,83.9,2014,12,
PARIS NORD,MAUBEUGE,90.1,2014,11,
CAEN,PARIS ST LAZARE,89.2,2014,12,
PARIS NORD,AMIENS,80.6,2014,11,
BELFORT,PARIS EST,86.3,2014,12,
TROYES,PARIS EST,86.0,2014,11,
PARIS ST LAZARE,CHERBOURG,91.9,2014,1,
CHERBOURG,PARIS ST LAZARE,93.9,2014,1,
LE HAVRE,PARIS ST LAZARE,90.8,2014,1,
BÉZIERS,CLERMONT FERRAND,100.0,2016,7,
BOULOGNE,PARIS NORD,85.6,2016,7,
CAEN,TOURS,82.1,2016,7,
CLERMONT FERRAND,BÉZIERS,96.2,2016,7,
HENDAYE,TOULOUSE MATABIAU,91.4,2016,7,
LE HAVRE,PARIS ST LAZARE,93.6,2016,7,
ORLÉANS,PARIS AUSTERLITZ,70.0,2016,7,
PARIS BERCY,NEVERS,87.4,2016,7,
PARIS EST,TROYES,80.4,2016,7,
PARIS ST LAZARE,ROUEN,90.0,2016,7,
TOURS,CAEN,82.0,2016,7,
TOURS,PARIS AUSTERLITZ,66.9,2016,7,
TROYES,PARIS EST,84.8,2016,7,
BÉZIERS,CLERMONT FERRAND,100.0,2016,8,
BORDEAUX ST JEAN,LIMOGES,96.8,2016,8,
CLERMONT FERRAND,NÎMES,84.2,2016,8,
CLERMONT FERRAND,BÉZIERS,91.7,2016,8,
NICE,BORDEAUX ST JEAN,61.5,2016,8,
PARIS AUSTERLITZ,BOURGES,86.7,2016,8,
PARIS NORD,AMIENS,93.5,2016,8,
PARIS ST LAZARE,CHERBOURG,85.0,2016,8,
PARIS ST LAZARE,TROUVILLE DEAUVILLE,77.2,2016,8,
PARIS VAUGIRARD,GRANVILLE,91.9,2016,8,
ROUEN,PARIS ST LAZARE,94.3,2016,8,
TOURS,PARIS AUSTERLITZ,65.6,2016,8,
TROUVILLE DEAUVILLE,PARIS ST LAZARE,92.6,2016,8,
TROYES,PARIS EST,83.4,2016,8,
AMIENS,PARIS NORD,89.5,2016,9,
BÉZIERS,CLERMONT FERRAND,100.0,2016,9,
CHERBOURG,PARIS ST LAZARE,93.8,2016,9,
NÎMES,CLERMONT FERRAND,60.0,2016,9,
PARIS AUSTERLITZ,ORLÉANS,70.7,2016,9,
PARIS EST,BELFORT,94.9,2016,9,
PARIS EST,TROYES,83.5,2016,9,
TOURS,CAEN,81.7,2016,9,
TROUVILLE DEAUVILLE,PARIS ST LAZARE,89.0,2016,9,
BOURGES,PARIS AUSTERLITZ,72.3,2016,10,
CLERMONT FERRAND,NÎMES,90.3,2016,10,
GRANVILLE,PARIS VAUGIRARD,88.5,2016,10,
LYON PART DIEU,NANTES,86.0,2016,10,
NANTES,LYON PART DIEU,89.4,2016,10,
NANTES,BORDEAUX ST JEAN,72.9,2016,10,
PARIS AUSTERLITZ,CERBERE,92.5,2016,10,
PARIS AUSTERLITZ,BOURGES,88.7,2016,10,
PARIS ST LAZARE,LE HAVRE,90.7,2016,10,
ROUEN,PARIS ST LAZARE,95.1,2016,10,
TOURS,CAEN,82.3,2016,10,
TROUVILLE DEAUVILLE,PARIS ST LAZARE,89.2,2016,10,
AMIENS,PARIS NORD,88.8,2016,11,
BORDEAUX ST JEAN,LIMOGES,95.5,2016,11,
CERBERE,PARIS AUSTERLITZ,98.3,2016,11,
CHERBOURG,PARIS ST LAZARE,93.7,2016,11,
LYON PART DIEU,NANTES,84.9,2016,11,
NANTES,BORDEAUX ST JEAN,74.4,2016,11,
PARIS NORD,AMIENS,94.2,2016,11,
PARIS ST LAZARE,LE HAVRE,90.1,2016,11,
TOULOUSE MATABIAU,HENDAYE,,2016,11,
TROYES,PARIS EST,83.8,2016,11,
BORDEAUX ST JEAN,NANTES,81.3,2016,12,
LYON PART DIEU,NANTES,86.4,2016,12,
PARIS EST,TROYES,83.5,2016,12,
TOURS,CAEN,82.3,2016,12,
BELFORT,PARIS EST,91.6,2017,1,
BOULOGNE,PARIS NORD,86.6,2017,1,
CHERBOURG,PARIS ST LAZARE,94.0,2017,1,
NANTES,LYON PART DIEU,89.1,2017,1,
NANTES,BORDEAUX ST JEAN,74.7,2017,1,
NICE,BORDEAUX ST JEAN,62.7,2017,1,
PARIS BERCY,NEVERS,87.9,2017,1,
PARIS NORD,BOULOGNE,89.9,2017,1,
TOURS,CAEN,82.3,2017,1,
TROYES,PARIS EST,87.0,2017,1,
TOURS,PARIS AUSTERLITZ,82.1,2015,6,
PARIS ST LAZARE,CAEN,85.1,2015,7,
LYON PART DIEU,NANTES,76.9,2015,7,
CAEN,PARIS ST LAZARE,93.3,2015,7,
AMIENS,PARIS NORD,76.7,2015,7,
NANTES,LYON PART DIEU,87.5,2015,6,
TOURS,CAEN,77.4,2015,7,
TOURS,CAEN,91.7,2015,6,
PARIS AUSTERLITZ,ORLÉANS,79.5,2015,1,
PARIS AUSTERLITZ,TOURS,83.7,2014,12,
PARIS AUSTERLITZ,TOURS,85.2,2015,1,
PARIS BERCY,CLERMONT FERRAND,91.0,2015,1,
TOURS,PARIS AUSTERLITZ,78.3,2014,11,
ROUEN,PARIS ST LAZARE,91.4,2014,11,
BOULOGNE,PARIS NORD,76.3,2014,12,
BOULOGNE,PARIS NORD,93.0,2015,1,
AMIENS,PARIS NORD,62.2,2015,1,
TOURS,CAEN,81.7,2014,11,
BORDEAUX ST JEAN,LIMOGES,96.8,2014,1,
PARIS NORD,MAUBEUGE,92.5,2014,1,
BELFORT,PARIS EST,91.1,2014,1,
BÉZIERS,CLERMONT FERRAND,100.0,2014,1,
PARIS AUSTERLITZ,CERBERE,92.1,2014,4,
PARIS ST LAZARE,LE HAVRE,91.4,2014,4,
ORLÉANS,PARIS AUSTERLITZ,84.4,2014,4,
BORDEAUX ST JEAN,NICE,95.1,2014,5,
LE HAVRE,PARIS ST LAZARE,93.1,2014,5,
MAUBEUGE,PARIS NORD,93.9,2014,4,
NÎMES,CLERMONT FERRAND,82.4,2014,5,
BOULOGNE,PARIS NORD,91.7,2014,4,
AMIENS,PARIS NORD,94.2,2014,5,
PARIS EST,BELFORT,96.2,2014,4,
PARIS AUSTERLITZ,TOURS,87.4,2014,3,
ORLÉANS,PARIS AUSTERLITZ,84.0,2014,3,
PARIS VAUGIRARD,GRANVILLE,89.4,2014,4,
GRANVILLE,PARIS VAUGIRARD,96.2,2014,4,
LE HAVRE,PARIS ST LAZARE,92.0,2014,4,
NICE,BORDEAUX ST JEAN,77.2,2014,3,
NÎMES,CLERMONT FERRAND,96.9,2014,3,
BELFORT,PARIS EST,94.2,2014,4,
TOURS,CAEN,88.5,2014,4,
BORDEAUX ST JEAN,LIMOGES,100.0,2014,4,
PARIS AUSTERLITZ,BOURGES,88.3,2014,9,
ORLÉANS,PARIS AUSTERLITZ,77.0,2014,10,
BORDEAUX ST JEAN,NANTES,89.7,2014,9,
HENDAYE,TOULOUSE MATABIAU,95.2,2014,10,
CLERMONT FERRAND,PARIS BERCY,92.5,2014,10,
PARIS ST LAZARE,CAEN,88.9,2014,9,
PARIS NORD,BOULOGNE,95.2,2014,9,
BÉZIERS,CLERMONT FERRAND,93.3,2014,9,
PARIS NORD,BOULOGNE,83.3,2014,10,
PARIS BERCY,NEVERS,82.1,2014,10,
TOULOUSE MATABIAU,HENDAYE,85.9,2014,6,
ORLÉANS,PARIS AUSTERLITZ,92.7,2014,5,
PARIS VAUGIRARD,GRANVILLE,82.0,2014,6,
TOURS,PARIS AUSTERLITZ,94.1,2014,5,
PARIS BERCY,CLERMONT FERRAND,83.2,2014,6,
NANTES,BORDEAUX ST JEAN,85.0,2014,6,
MAUBEUGE,PARIS NORD,91.2,2014,6,
CAEN,PARIS ST LAZARE,87.1,2014,6,
PARIS AUSTERLITZ,CERBERE,100.0,2014,5,
LIMOGES,BORDEAUX ST JEAN,100.0,2014,6,
PARIS ST LAZARE,LE HAVRE,88.7,2014,2,
CERBERE,PARIS AUSTERLITZ,91.6,2014,2,
LE HAVRE,PARIS ST LAZARE,91.4,2014,2,
TOURS,PARIS AUSTERLITZ,87.4,2014,2,
PARIS ST LAZARE,CAEN,88.1,2014,2,
PARIS NORD,MAUBEUGE,92.0,2014,2,
LYON PART DIEU,NANTES,87.5,2014,3,
ROUEN,PARIS ST LAZARE,93.9,2014,3,
BOULOGNE,PARIS NORD,90.9,2014,3,
CLERMONT FERRAND,BÉZIERS,100.0,2014,3,
TOULOUSE MATABIAU,HENDAYE,79.3,2014,7,
CERBERE,PARIS AUSTERLITZ,93.1,2014,8,
CHERBOURG,PARIS ST LAZARE,91.8,2014,8,
CHERBOURG,PARIS ST LAZARE,93.5,2014,7,
TOURS,PARIS AUSTERLITZ,79.2,2014,6,
BORDEAUX ST JEAN,LIMOGES,96.8,2014,7,
PARIS BERCY,NEVERS,93.1,2014,8,
BELFORT,PARIS EST,90.2,2014,7,
PARIS EST,TROYES,86.4,2014,7,
TOURS,CAEN,85.5,2014,7,
PARIS ST LAZARE,TROUVILLE DEAUVILLE,79.1,2014,10,
TOULOUSE MATABIAU,HENDAYE,89.9,2014,10,
PARIS ST LAZARE,LE HAVRE,87.6,2014,10,
ROUEN,PARIS ST LAZARE,89.5,2014,10,
TROUVILLE DEAUVILLE,PARIS ST LAZARE,93.9,2014,1,
PARIS ST LAZARE,TROUVILLE DEAUVILLE,84.0,2014,1,
TOULOUSE MATABIAU,HENDAYE,98.4,2014,1,
PARIS ST LAZARE,CHERBOURG,87.2,2014,2,
ORLÉANS,PARIS AUSTERLITZ,88.7,2014,1,
BORDEAUX ST JEAN,NANTES,90.3,2014,1,
PARIS ST LAZARE,CAEN,88.1,2014,1,
CAEN,PARIS ST LAZARE,89.6,2014,1,
PARIS EST,TROYES,92.1,2014,1,
CAEN,TOURS,90.0,2014,2,
PARIS ST LAZARE,TROUVILLE DEAUVILLE,89.5,2014,9,
PARIS VAUGIRARD,GRANVILLE,87.3,2014,9,
PARIS ST LAZARE,ROUEN,91.8,2014,9,
LYON PART DIEU,NANTES,90.4,2014,9,
LE HAVRE,PARIS ST LAZARE,90.8,2015,4,
CHERBOURG,PARIS ST LAZARE,92.6,2015,4,
NANTES,BORDEAUX ST JEAN,85.5,2015,4,
PARIS ST LAZARE,CAEN,87.0,2015,4,
PARIS NORD,BOULOGNE,74.1,2015,4,
BELFORT,PARIS EST,96.8,2015,5,
TOURS,CAEN,96.7,2015,4,
CAEN,TOURS,89.2,2015,4,
TROUVILLE DEAUVILLE,PARIS ST LAZARE,91.4,2015,8,
TOURS,PARIS AUSTERLITZ,89.5,2015,8,
BORDEAUX ST JEAN,LIMOGES,90.3,2017,5,
GRANVILLE,PARIS VAUGIRARD,91.0,2017,5,
NICE,BORDEAUX ST JEAN,72.7,2017,5,
ORLÉANS,PARIS AUSTERLITZ,75.2,2017,5,
PARIS AUSTERLITZ,BOURGES,88.1,2017,5,
PARIS ST LAZARE,CAEN,84.9,2017,5,
PARIS ST LAZARE,CHERBOURG,91.7,2017,5,
PARIS ST LAZARE,LE HAVRE,90.3,2017,5,
ROUEN,PARIS ST LAZARE,94.5,2017,5,
TOURS,CAEN,90.3,2017,5,
TOURS,PARIS AUSTERLITZ,82.3,2017,5,
TROUVILLE DEAUVILLE,PARIS ST LAZARE,87.6,2017,5,
AMIENS,PARIS NORD,80.5,2017,6,
CAEN,PARIS ST LAZARE,91.0,2017,6,
CHERBOURG,PARIS ST LAZARE,92.3,2017,6,
CLERMONT FERRAND,NÎMES,0.0,2017,6,
GRANVILLE,PARIS VAUGIRARD,91.3,2017,6,
LE HAVRE,PARIS ST LAZARE,86.5,2017,6,
LIMOGES,BORDEAUX ST JEAN,96.3,2017,6,
NEVERS,PARIS BERCY,86.5,2017,6,
PARIS BERCY,CLERMONT FERRAND,72.5,2017,6,
PARIS EST,BELFORT,82.4,2017,6,
PARIS NORD,BOULOGNE,89.1,2017,6,
PARIS ST LAZARE,ROUEN,83.0,2017,6,
BOULOGNE,PARIS NORD,85.3,2017,7,
NÎMES,CLERMONT FERRAND,60.0,2017,7,
PARIS AUSTERLITZ,BOURGES,92.6,2017,7,
PARIS EST,BELFORT,91.1,2017,7,
PARIS ST LAZARE,LE HAVRE,86.2,2017,7,
PARIS ST LAZARE,TROUVILLE DEAUVILLE,65.1,2017,7,
PARIS ST LAZARE,ROUEN,86.9,2017,7,
AMIENS,PARIS NORD,89.1,2017,8,
BELFORT,PARIS EST,90.2,2017,8,
BOULOGNE,PARIS NORD,85.9,2017,8,
BOURGES,PARIS AUSTERLITZ,91.1,2017,8,
CAEN,TOURS,89.6,2017,8,
CAEN,PARIS ST LAZARE,92.7,2017,8,
LIMOGES,BORDEAUX ST JEAN,90.0,2017,8,
NANTES,BORDEAUX ST JEAN,67.7,2017,8,
NICE,BORDEAUX ST JEAN,68.3,2017,8,
PARIS AUSTERLITZ,ORLÉANS,82.1,2017,8,
PARIS AUSTERLITZ,TOURS,87.8,2017,8,
PARIS BERCY,NEVERS,82.6,2017,8,
PARIS NORD,MAUBEUGE,90.8,2017,8,
PARIS ST LAZARE,CHERBOURG,88.6,2017,8,
ROUEN,PARIS ST LAZARE,92.2,2017,8,
BORDEAUX ST JEAN,NANTES,76.1,2017,9,
BOULOGNE,PARIS NORD,80.3,2017,9,
CLERMONT FERRAND,BÉZIERS,98.2,2017,9,
PARIS AUSTERLITZ,ORLÉANS,81.0,2017,9,
PARIS NORD,AMIENS,78.1,2017,9,
PARIS ST LAZARE,TROUVILLE DEAUVILLE,81.3,2017,9,
TROYES,PARIS EST,91.3,2017,9,
CLERMONT FERRAND,BÉZIERS,89.8,2017,10,
LE HAVRE,PARIS ST LAZARE,88.6,2017,10,
NANTES,BORDEAUX ST JEAN,61.0,2017,10,
NICE,BORDEAUX ST JEAN,81.1,2017,10,
NÎMES,CLERMONT FERRAND,92.9,2017,10,
ORLÉANS,PARIS AUSTERLITZ,81.6,2017,10,
PARIS AUSTERLITZ,ORLÉANS,87.7,2017,10,
PARIS BERCY,NEVERS,88.7,2017,10,
PARIS EST,BELFORT,93.0,2017,10,
PARIS NORD,BOULOGNE,90.0,2017,10,
ROUEN,PARIS ST LAZARE,91.0,2017,10,
TROYES,PARIS EST,85.5,2017,4,
BORDEAUX ST JEAN,NICE,74.7,2017,5,
CLERMONT FERRAND,NÎMES,,2017,5,
HENDAYE,TOULOUSE MATABIAU,92.7,2017,5,
TOULOUSE MATABIAU,HENDAYE,87.1,2017,5,
TROYES,PARIS EST,89.0,2017,5,
BELFORT,PARIS EST,86.6,2017,6,
BORDEAUX ST JEAN,NICE,67.2,2017,6,
MAUBEUGE,PARIS NORD,88.9,2017,6,
NICE,BORDEAUX ST JEAN,68.8,2017,6,
PARIS AUSTERLITZ,ORLÉANS,52.1,2017,6,
PARIS AUSTERLITZ,BOURGES,87.0,2017,6,
PARIS ST LAZARE,CAEN,84.5,2017,6,
PARIS ST LAZARE,CHERBOURG,86.5,2017,6,
TROUVILLE DEAUVILLE,PARIS ST LAZARE,96.7,2017,6,
AMIENS,PARIS NORD,87.2,2017,7,
BELFORT,PARIS EST,86.5,2017,7,
BÉZIERS,CLERMONT FERRAND,95.2,2017,7,
BORDEAUX ST JEAN,NANTES,62.0,2017,7,
CAEN,PARIS ST LAZARE,86.5,2017,7,
MAUBEUGE,PARIS NORD,91.1,2017,7,
PARIS AUSTERLITZ,TOURS,83.7,2017,7,
PARIS NORD,AMIENS,77.2,2017,7,
PARIS ST LAZARE,CAEN,80.8,2017,7,
BORDEAUX ST JEAN,NANTES,58.1,2017,8,
CHERBOURG,PARIS ST LAZARE,95.5,2017,8,
CLERMONT FERRAND,NÎMES,74.2,2017,8,
GRANVILLE,PARIS VAUGIRARD,90.9,2017,8,
ORLÉANS,PARIS AUSTERLITZ,90.7,2017,8,
PARIS AUSTERLITZ,CERBERE,96.8,2017,8,
PARIS AUSTERLITZ,BOURGES,91.9,2017,8,
PARIS EST,BELFORT,91.0,2017,8,
PARIS ST LAZARE,LE HAVRE,88.8,2017,8,
TOULOUSE MATABIAU,HENDAYE,77.2,2017,8,
TOURS,CAEN,91.9,2017,8,
BELFORT,PARIS EST,93.8,2017,9,
BÉZIERS,CLERMONT FERRAND,96.5,2017,9,
GRANVILLE,PARIS VAUGIRARD,90.4,2017,9,
NICE,BORDEAUX ST JEAN,77.2,2017,9,
NÎMES,CLERMONT FERRAND,92.9,2017,9,
PARIS AUSTERLITZ,BOURGES,90.3,2017,9,
PARIS EST,BELFORT,94.5,2017,9,
PARIS NORD,MAUBEUGE,84.5,2017,9,
PARIS ST LAZARE,CAEN,86.5,2017,9,
TOURS,PARIS AUSTERLITZ,76.9,2017,9,
AMIENS,PARIS NORD,79.8,2017,10,
BÉZIERS,CLERMONT FERRAND,91.5,2017,10,
BORDEAUX ST JEAN,NANTES,76.5,2017,10,
BOURGES,PARIS AUSTERLITZ,90.7,2017,10,
CAEN,TOURS,88.1,2017,10,
CHERBOURG,PARIS ST LAZARE,84.1,2017,10,
CLERMONT FERRAND,NÎMES,100.0,2017,10,
LIMOGES,BORDEAUX ST JEAN,83.9,2017,10,
MAUBEUGE,PARIS NORD,88.0,2017,10,
PARIS ST LAZARE,CHERBOURG,84.1,2017,10,
BELFORT,PARIS EST,91.7,2015,2,
PARIS EST,BELFORT,94.6,2015,1,
PARIS ST LAZARE,TROUVILLE DEAUVILLE,87.5,2015,2,
CERBERE,PARIS AUSTERLITZ,89.8,2015,2,
NANTES,BORDEAUX ST JEAN,87.3,2015,3,
CHERBOURG,PARIS ST LAZARE,96.4,2015,3,
ROUEN,PARIS ST LAZARE,90.7,2015,2,
CAEN,PARIS ST LAZARE,91.5,2015,3,
PARIS NORD,AMIENS,77.8,2015,2,
NEVERS,PARIS BERCY,91.0,2015,2,
CLERMONT FERRAND,NÎMES,100.0,2015,3,
CAEN,TOURS,100.0,2015,3,
TROUVILLE DEAUVILLE,PARIS ST LAZARE,92.5,2015,3,
PARIS ST LAZARE,TROUVILLE DEAUVILLE,93.8,2015,3,
PARIS AUSTERLITZ,ORLÉANS,83.1,2015,3,
PARIS AUSTERLITZ,BOURGES,93.4,2015,3,
PARIS AUSTERLITZ,TOURS,87.3,2015,3,
ORLÉANS,PARIS AUSTERLITZ,92.4,2015,3,
TOURS,PARIS AUSTERLITZ,90.2,2015,3,
PARIS NORD,MAUBEUGE,92.0,2015,3,
AMIENS,PARIS NORD,78.8,2015,4,
TOURS,CAEN,90.3,2015,3,
PARIS ST LAZARE,TROUVILLE DEAUVILLE,85.5,2015,8,
TOULOUSE MATABIAU,HENDAYE,91.4,2015,8,
PARIS VAUGIRARD,GRANVILLE,95.1,2015,8,
PARIS ST LAZARE,LE HAVRE,90.3,2015,8,
PARIS NORD,BOULOGNE,93.3,2015,8,
TROUVILLE DEAUVILLE,PARIS ST LAZARE,95.4,2015,5,
TOULOUSE MATABIAU,HENDAYE,93.7,2015,5,
CLERMONT FERRAND,PARIS BERCY,88.8,2015,6,
CERBERE,PARIS AUSTERLITZ,79.5,2015,6,
PARIS ST LAZARE,ROUEN,95.8,2015,5,
LE HAVRE,PARIS ST LAZARE,89.3,2015,6,
BELFORT,PARIS EST,91.6,2015,6,
TROYES,PARIS EST,96.3,2015,5,
TOURS,CAEN,93.5,2015,5,
CAEN,TOURS,96.9,2015,6,
PARIS AUSTERLITZ,CERBERE,81.1,2015,7,
ORLÉANS,PARIS AUSTERLITZ,77.8,2015,7,
CLERMONT FERRAND,PARIS BERCY,85.5,2015,7,
HENDAYE,TOULOUSE MATABIAU,94.5,2015,7,
CERBERE,PARIS AUSTERLITZ,81.6,2015,7,
CHERBOURG,PARIS ST LAZARE,90.0,2015,7,
PARIS BERCY,CLERMONT FERRAND,83.8,2015,7,
PARIS NORD,BOULOGNE,93.4,2015,7,
NEVERS,PARIS BERCY,89.1,2015,7,
PARIS EST,TROYES,85.9,2015,7,
PARIS ST LAZARE,LE HAVRE,87.2,2015,6,
PARIS VAUGIRARD,GRANVILLE,85.8,2015,6,
PARIS ST LAZARE,CHERBOURG,88.2,2015,6,
BORDEAUX ST JEAN,NICE,53.8,2015,7,
NANTES,BORDEAUX ST JEAN,74.6,2015,6,
BORDEAUX ST JEAN,LIMOGES,73.7,2015,7,
PARIS NORD,BOULOGNE,93.3,2015,6,
PARIS NORD,AMIENS,81.0,2015,6,
BÉZIERS,CLERMONT FERRAND,93.5,2015,7,
NÎMES,CLERMONT FERRAND,,2015,6,
BORDEAUX ST JEAN,NANTES,80.3,2015,9,
CERBERE,PARIS AUSTERLITZ,80.2,2015,9,
CLERMONT FERRAND,BÉZIERS,93.3,2015,9,
AMIENS,PARIS NORD,86.7,2015,9,
BELFORT,PARIS EST,88.9,2015,9,
BORDEAUX ST JEAN,NICE,74.9,2014,1,
CLERMONT FERRAND,PARIS BERCY,94.0,2014,1,
MAUBEUGE,PARIS NORD,94.1,2014,1,
PARIS NORD,AMIENS,82.7,2014,1,
AMIENS,PARIS NORD,85.8,2014,1,
AMIENS,PARIS NORD,88.4,2017,2,
BÉZIERS,CLERMONT FERRAND,100.0,2017,2,
CAEN,TOURS,80.0,2017,2,
NANTES,BORDEAUX ST JEAN,72.3,2017,2,
PARIS NORD,AMIENS,94.0,2017,2,
ROUEN,PARIS ST LAZARE,94.7,2017,2,
TOULOUSE MATABIAU,HENDAYE,67.1,2017,2,
AMIENS,PARIS NORD,90.0,2017,3,
BÉZIERS,CLERMONT FERRAND,100.0,2017,3,
BOULOGNE,PARIS NORD,86.8,2017,3,
CAEN,TOURS,81.8,2017,3,
NANTES,BORDEAUX ST JEAN,75.5,2017,3,
NÎMES,CLERMONT FERRAND,61.3,2017,3,
ORLÉANS,PARIS AUSTERLITZ,77.7,2017,3,
PARIS NORD,BOULOGNE,90.1,2017,3,
PARIS ST LAZARE,TROUVILLE DEAUVILLE,65.4,2017,3,
TOURS,CAEN,82.3,2017,3,
TOURS,PARIS AUSTERLITZ,66.1,2017,3,
AMIENS,PARIS NORD,88.0,2017,4,
BORDEAUX ST JEAN,NICE,69.4,2017,4,
BORDEAUX ST JEAN,LIMOGES,96.7,2017,4,
CLERMONT FERRAND,BÉZIERS,96.6,2017,4,
NÎMES,CLERMONT FERRAND,60.0,2017,4,
PARIS AUSTERLITZ,CERBERE,,2017,4,
PARIS EST,BELFORT,95.0,2017,4,
PARIS ST LAZARE,CAEN,80.4,2017,4,
PARIS ST LAZARE,CHERBOURG,83.8,2017,4,
PARIS VAUGIRARD,GRANVILLE,91.7,2017,4,
ROUEN,PARIS ST LAZARE,95.1,2017,4,
TOURS,PARIS AUSTERLITZ,64.5,2017,4,
BELFORT,PARIS EST,88.7,2017,5,
CAEN,PARIS ST LAZARE,87.0,2017,5,
CHERBOURG,PARIS ST LAZARE,92.4,2017,5,
CLERMONT FERRAND,PARIS BERCY,91.1,2017,5,
LE HAVRE,PARIS ST LAZARE,91.5,2017,5,
NANTES,LYON PART DIEU,88.5,2017,5,
NEVERS,PARIS BERCY,90.1,2017,5,
NÎMES,CLERMONT FERRAND,100.0,2017,5,
PARIS AUSTERLITZ,TOURS,76.1,2017,5,
PARIS EST,BELFORT,85.7,2017,5,
PARIS NORD,AMIENS,78.6,2017,5,
PARIS ST LAZARE,ROUEN,95.5,2017,5,
BÉZIERS,CLERMONT FERRAND,91.7,2017,6,
BORDEAUX ST JEAN,NANTES,82.0,2017,6,
BOURGES,PARIS AUSTERLITZ,71.4,2017,6,
CLERMONT FERRAND,PARIS BERCY,76.6,2017,6,
NANTES,LYON PART DIEU,88.5,2017,6,
PARIS AUSTERLITZ,CERBERE,0.0,2017,6,
PARIS NORD,MAUBEUGE,81.6,2017,6,
PARIS ST LAZARE,TROUVILLE DEAUVILLE,84.5,2017,6,
BOURGES,PARIS AUSTERLITZ,89.5,2017,7,
CERBERE,PARIS AUSTERLITZ,60.0,2017,7,
CLERMONT FERRAND,PARIS BERCY,78.6,2017,7,
GRANVILLE,PARIS VAUGIRARD,91.6,2017,7,
LE HAVRE,PARIS ST LAZARE,90.6,2017,7,
LIMOGES,BORDEAUX ST JEAN,93.5,2017,7,
NANTES,BORDEAUX ST JEAN,51.1,2017,7,
NEVERS,PARIS BERCY,77.3,2017,7,
PARIS AUSTERLITZ,CERBERE,25.0,2017,7,
PARIS AUSTERLITZ,ORLÉANS,75.3,2017,7,
PARIS BERCY,CLERMONT FERRAND,78.6,2017,7,
PARIS NORD,MAUBEUGE,89.4,2017,7,
PARIS ST LAZARE,CHERBOURG,83.3,2017,7,
TOULOUSE MATABIAU,HENDAYE,79.8,2017,7,
TOURS,CAEN,75.8,2017,7,
BORDEAUX ST JEAN,NICE,72.8,2017,8,
CLERMONT FERRAND,PARIS BERCY,78.1,2017,8,
HENDAYE,TOULOUSE MATABIAU,93.5,2017,8,
PARIS BERCY,CLERMONT FERRAND,80.1,2017,8,
PARIS EST,TROYES,81.8,2017,8,
PARIS NORD,AMIENS,81.8,2017,8,
PARIS NORD,BOULOGNE,89.9,2017,8,
PARIS ST LAZARE,TROUVILLE DEAUVILLE,83.3,2017,8,
PARIS ST LAZARE,ROUEN,93.8,2017,8,
CAEN,TOURS,87.1,2017,9,
CAEN,PARIS ST LAZARE,86.5,2017,9,
CLERMONT FERRAND,PARIS BERCY,87.0,2017,9,
HENDAYE,TOULOUSE MATABIAU,91.0,2017,9,
LYON PART DIEU,NANTES,78.8,2017,9,
MAUBEUGE,PARIS NORD,85.3,2017,9,
NEVERS,PARIS BERCY,87.3,2017,9,
ORLÉANS,PARIS AUSTERLITZ,78.2,2017,9,
PARIS ST LAZARE,LE HAVRE,89.0,2017,9,
PARIS ST LAZARE,ROUEN,92.6,2017,9,
PARIS VAUGIRARD,GRANVILLE,91.8,2017,9,
CAEN,PARIS ST LAZARE,76.1,2017,10,
GRANVILLE,PARIS VAUGIRARD,86.1,2017,10,
HENDAYE,TOULOUSE MATABIAU,88.7,2017,10,
PARIS AUSTERLITZ,CERBERE,87.5,2017,10,
PARIS ST LAZARE,CAEN,78.5,2017,10,
PARIS ST LAZARE,ROUEN,90.5,2017,10,
TOULOUSE MATABIAU,HENDAYE,96.8,2017,10,
PARIS NORD,MAUBEUGE,92.9,2014,8,
PARIS BERCY,NEVERS,94.9,2014,9,
PARIS EST,TROYES,94.0,2014,8,
PARIS EST,BELFORT,93.5,2014,9,
BELFORT,PARIS EST,92.5,2014,9,
CLERMONT FERRAND,NÎMES,100.0,2014,9,
PARIS ST LAZARE,LE HAVRE,88.8,2014,11,
BORDEAUX ST JEAN,NICE,69.0,2014,11,
CERBERE,PARIS AUSTERLITZ,86.5,2014,11,
GRANVILLE,PARIS VAUGIRARD,84.7,2014,11,
PARIS BERCY,CLERMONT FERRAND,83.7,2014,11,
PARIS NORD,BOULOGNE,89.6,2014,11,
PARIS ST LAZARE,TROUVILLE DEAUVILLE,85.76,2014,0,
PARIS VAUGIRARD,GRANVILLE,88.65,2014,0,
PARIS ST LAZARE,CHERBOURG,89.05,2014,0,
PARIS ST LAZARE,LE HAVRE,88.98,2014,0,
CERBERE,PARIS AUSTERLITZ,87.91,2014,0,
GRANVILLE,PARIS VAUGIRARD,89.67,2014,0,
NANTES,BORDEAUX ST JEAN,85.75,2014,0,
CLERMONT FERRAND,BÉZIERS,94.86,2014,0,
CLERMONT FERRAND,NÎMES,90.47,2014,0,
PARIS NORD,MAUBEUGE,91.08,2014,0,
BOURGES,PARIS AUSTERLITZ,84.66,2014,0,
CHERBOURG,PARIS ST LAZARE,91.36,2014,0,
NICE,BORDEAUX ST JEAN,80.23,2014,0,
LYON PART DIEU,NANTES,90.66,2014,0,
AMIENS,PARIS NORD,80.5,2014,0,
BELFORT,PARIS EST,90.62,2014,0,
TROYES,PARIS EST,89.18,2014,0,
TOULOUSE MATABIAU,HENDAYE,91.42,2014,0,
PARIS AUSTERLITZ,BOURGES,89.38,2014,0,
ORLÉANS,PARIS AUSTERLITZ,82.87,2014,0,
BORDEAUX ST JEAN,NICE,75.58,2014,0,
PARIS ST LAZARE,ROUEN,91.17,2014,0,
PARIS NORD,BOULOGNE,89.73,2014,0,
BÉZIERS,CLERMONT FERRAND,93.62,2014,0,
CLERMONT FERRAND,PARIS BERCY,91.3,2014,0,
BORDEAUX ST JEAN,LIMOGES,95.69,2014,0,
BOULOGNE,PARIS NORD,86.35,2014,0,
NANTES,LYON PART DIEU,92.18,2014,0,
PARIS EST,TROYES,89.15,2014,0,
CAEN,TOURS,84.99,2014,0,
LIMOGES,BORDEAUX ST JEAN,91.88,2014,0,
HENDAYE,TOULOUSE MATABIAU,85.87,2014,0,
ROUEN,PARIS ST LAZARE,91.05,2014,0,
PARIS BERCY,NEVERS,88.53,2014,0,
BORDEAUX ST JEAN,NANTES,83.73,2014,0,
PARIS NORD,AMIENS,81.69,2014,0,
TOURS,CAEN,87.91,2014,0,
TOURS,PARIS AUSTERLITZ,82.51,2014,0,
PARIS BERCY,CLERMONT FERRAND,91.22,2014,0,
MAUBEUGE,PARIS NORD,91.21,2014,0,
NÎMES,CLERMONT FERRAND,90.7,2014,0,
PARIS AUSTERLITZ,CERBERE,90.18,2014,0,
TROUVILLE DEAUVILLE,PARIS ST LAZARE,88.41,2014,0,
PARIS ST LAZARE,CAEN,88.17,2014,0,
BORDEAUX ST JEAN,NICE,75.78,2015,0,
BORDEAUX ST JEAN,LIMOGES,94.73,2015,0,
BOULOGNE,PARIS NORD,89.81,2015,0,
CAEN,PARIS ST LAZARE,90.7,2015,0,
GRANVILLE,PARIS VAUGIRARD,92.5,2015,0,
NÎMES,CLERMONT FERRAND,94.22,2015,0,
PARIS BERCY,CLERMONT FERRAND,86.99,2015,0,
PARIS ST LAZARE,TROUVILLE DEAUVILLE,87.02,2015,0,
BOURGES,PARIS AUSTERLITZ,85.29,2015,0,
HENDAYE,TOULOUSE MATABIAU,92.45,2015,0,
LE HAVRE,PARIS ST LAZARE,90.77,2015,0,
PARIS AUSTERLITZ,CERBERE,89.89,2015,0,
PARIS AUSTERLITZ,ORLÉANS,80.13,2015,0,
PARIS ST LAZARE,ROUEN,92.99,2015,0,
TOULOUSE MATABIAU,HENDAYE,93.6,2015,0,
PARIS AUSTERLITZ,TOURS,80.17,2015,0,
PARIS BERCY,NEVERS,85.53,2015,0,
PARIS NORD,AMIENS,80.81,2015,0,
BÉZIERS,CLERMONT FERRAND,94.99,2015,0,
BORDEAUX ST JEAN,NANTES,82.57,2015,0,
CERBERE,PARIS AUSTERLITZ,83.14,2015,0,
NANTES,LYON PART DIEU,92.01,2015,0,
PARIS AUSTERLITZ,BOURGES,90.12,2015,0,
PARIS NORD,MAUBEUGE,90.58,2015,0,
PARIS NORD,BOULOGNE,85.25,2015,0,
PARIS ST LAZARE,CAEN,87.88,2015,0,
TROUVILLE DEAUVILLE,PARIS ST LAZARE,90.84,2015,0,
BORDEAUX ST JEAN,NICE,75.73,2016,0,
BOURGES,PARIS AUSTERLITZ,78.41,2016,0,
HENDAYE,TOULOUSE MATABIAU,87.25,2016,0,
NANTES,LYON PART DIEU,92.52,2016,0,
PARIS AUSTERLITZ,BOURGES,88.93,2016,0,
PARIS BERCY,NEVERS,83.61,2016,0,
PARIS EST,BELFORT,90.08,2016,0,
PARIS NORD,BOULOGNE,88.38,2016,0,
ROUEN,PARIS ST LAZARE,93.57,2016,0,
TOURS,PARIS AUSTERLITZ,75.53,2016,0,
TROYES,PARIS EST,87.19,2016,0,
CLERMONT FERRAND,NÎMES,93.42,2016,0,
CLERMONT FERRAND,BÉZIERS,95.77,2016,0,
PARIS BERCY,CLERMONT FERRAND,87.88,2016,0,
PARIS ST LAZARE,CAEN,83.31,2016,0,
TOULOUSE MATABIAU,HENDAYE,77.12,2016,0,
CLERMONT FERRAND,PARIS BERCY,83.58,2016,0,
LYON PART DIEU,NANTES,88.52,2016,0,
NANTES,BORDEAUX ST JEAN,71.2,2016,0,
PARIS ST LAZARE,TROUVILLE DEAUVILLE,76.56,2016,0,
CERBERE,PARIS AUSTERLITZ,93.73,2016,0,
ORLÉANS,PARIS AUSTERLITZ,77.21,2016,0,
PARIS NORD,AMIENS,88.39,2016,0,
PARIS ST LAZARE,ROUEN,90.35,2016,0,
TOURS,CAEN,85.75,2016,0,
BELFORT,PARIS EST,87.75,2016,0,
BORDEAUX ST JEAN,NANTES,72.76,2016,0,
CHERBOURG,PARIS ST LAZARE,91.22,2016,0,
NICE,BORDEAUX ST JEAN,66.8,2016,0,
PARIS AUSTERLITZ,ORLÉANS,74.33,2016,0,
PARIS ST LAZARE,CHERBOURG,85.07,2016,0,
PARIS ST LAZARE,LE HAVRE,87.26,2016,0,
BOULOGNE,PARIS NORD,84.73,2016,0,
CAEN,TOURS,84.92,2016,0,
PARIS VAUGIRARD,GRANVILLE,87.98,2016,0,
PARIS VAUGIRARD,GRANVILLE,92.38,2015,0,
NEVERS,PARIS BERCY,88.59,2015,0,
ORLÉANS,PARIS AUSTERLITZ,86.14,2015,0,
ROUEN,PARIS ST LAZARE,93.08,2015,0,
TROYES,PARIS EST,91.23,2015,0,
BELFORT,PARIS EST,91.65,2015,0,
PARIS ST LAZARE,CHERBOURG,88.52,2015,0,
NÎMES,CLERMONT FERRAND,73.42,2016,0,
BÉZIERS,CLERMONT FERRAND,97.71,2016,0,
BORDEAUX ST JEAN,LIMOGES,91.59,2016,0,
GRANVILLE,PARIS VAUGIRARD,87.79,2016,0,
PARIS EST,TROYES,84.38,2016,0,
CAEN,PARIS ST LAZARE,89.82,2016,0,
PARIS NORD,MAUBEUGE,87.16,2016,0,
TROUVILLE DEAUVILLE,PARIS ST LAZARE,89.77,2016,0,
LE HAVRE,PARIS ST LAZARE,90.26,2016,0,
MAUBEUGE,PARIS NORD,91.73,2016,0,
PARIS AUSTERLITZ,TOURS,76.36,2016,0,
LIMOGES,BORDEAUX ST JEAN,92.35,2016,0,
NEVERS,PARIS BERCY,86.98,2016,0,
AMIENS,PARIS NORD,86.67,2016,0,
PARIS AUSTERLITZ,TOURS,79.86,2014,0,
PARIS AUSTERLITZ,ORLÉANS,81.57,2014,0,
LE HAVRE,PARIS ST LAZARE,89.2,2014,0,
CAEN,PARIS ST LAZARE,89.77,2014,0,
PARIS EST,BELFORT,88.93,2014,0,
NEVERS,PARIS BERCY,91.03,2014,0,
MAUBEUGE,PARIS NORD,88.97,2015,0,
NICE,BORDEAUX ST JEAN,78.12,2015,0,
PARIS EST,TROYES,91.58,2015,0,
AMIENS,PARIS NORD,76.32,2015,0,
CAEN,TOURS,92.5,2015,0,
CLERMONT FERRAND,PARIS BERCY,88.4,2015,0,
CLERMONT FERRAND,BÉZIERS,94.51,2015,0,
PARIS ST LAZARE,LE HAVRE,89.23,2015,0,
TOURS,CAEN,90.39,2015,0,
TOURS,PARIS AUSTERLITZ,87.05,2015,0,
PARIS AUSTERLITZ,CERBERE,87.96,2016,0,
AMIENS,PARIS NORD,86.6,2017,0,
BÉZIERS,CLERMONT FERRAND,96.83,2017,0,
BORDEAUX ST JEAN,LIMOGES,91.67,2017,0,
BOURGES,PARIS AUSTERLITZ,78.91,2017,0,
CLERMONT FERRAND,PARIS BERCY,84.09,2017,0,
CLERMONT FERRAND,BÉZIERS,95.3,2017,0,
HENDAYE,TOULOUSE MATABIAU,90.33,2017,0,
LE HAVRE,PARIS ST LAZARE,91.44,2017,0,
ORLÉANS,PARIS AUSTERLITZ,79.54,2017,0,
PARIS AUSTERLITZ,ORLÉANS,73.31,2017,0,
PARIS AUSTERLITZ,TOURS,77.16,2017,0,
PARIS EST,TROYES,82.52,2017,0,
PARIS ST LAZARE,ROUEN,90.68,2017,0,
PARIS VAUGIRARD,GRANVILLE,91.77,2017,0,
ROUEN,PARIS ST LAZARE,92.97,2017,0,
TOURS,PARIS AUSTERLITZ,75.34,2017,0,
TROUVILLE DEAUVILLE,PARIS ST LAZARE,88.37,2017,0,
BORDEAUX ST JEAN,NICE,71.54,2017,0,
CLERMONT FERRAND,NÎMES,78.22,2017,0,
PARIS EST,BELFORT,90.59,2015,0,
NANTES,BORDEAUX ST JEAN,75.73,2015,0,
LYON PART DIEU,NANTES,88.43,2015,0,
LIMOGES,BORDEAUX ST JEAN,94.44,2015,0,
CHERBOURG,PARIS ST LAZARE,91.65,2015,0,
GRANVILLE,PARIS VAUGIRARD,89.31,2017,0,
NEVERS,PARIS BERCY,85.75,2017,0,
PARIS EST,BELFORT,91.86,2017,0,
PARIS ST LAZARE,CAEN,82.23,2017,0,
PARIS ST LAZARE,CHERBOURG,85.81,2017,0,
PARIS ST LAZARE,LE HAVRE,88.26,2017,0,
TOULOUSE MATABIAU,HENDAYE,81.39,2017,0,
BORDEAUX ST JEAN,NANTES,75.7,2017,0,
NÎMES,CLERMONT FERRAND,64.21,2017,0,
PARIS BERCY,NEVERS,84.33,2017,0,
PARIS NORD,MAUBEUGE,87.23,2017,0,
TOURS,CAEN,83.34,2017,0,
BELFORT,PARIS EST,89.82,2017,0,
LYON PART DIEU,NANTES,86.26,2017,0,
BOULOGNE,PARIS NORD,85.56,2017,0,
CAEN,PARIS ST LAZARE,88.12,2017,0,
LIMOGES,BORDEAUX ST JEAN,90.91,2017,0,
MAUBEUGE,PARIS NORD,91.19,2017,0,
NANTES,BORDEAUX ST JEAN,69.46,2017,0,
PARIS AUSTERLITZ,BOURGES,88.43,2017,0,
PARIS NORD,AMIENS,83.73,2017,0,
PARIS BERCY,CLERMONT FERRAND,85.7,2017,0,
PARIS NORD,BOULOGNE,89.46,2017,0,
PARIS ST LAZARE,TROUVILLE DEAUVILLE,72.44,2017,0,
CAEN,TOURS,84.71,2017,0,
TROYES,PARIS EST,87.01,2017,0,
NANTES,LYON PART DIEU,88.79,2017,0,
NICE,BORDEAUX ST JEAN,68.55,2017,0,
CLERMONT FERRAND,NÎMES,95.49,2015,0,
CERBERE,PARIS AUSTERLITZ,73.47,2017,0,
PARIS AUSTERLITZ,CERBERE,67.17,2017,0,
CHERBOURG,PARIS ST LAZARE,92.3,2017,0,
